,image,height,weight,BMI,path
0,f_001,1.55,61.0,25.39021852,/home/quanhhh/Documents/vip/vip/data/data/f_001.jpg
1,f_002,1.76,85.0,27.44059917,/home/quanhhh/Documents/vip/vip/data/data/f_002.jpg
2,f_003,1.78,56.0,17.67453604,/home/quanhhh/Documents/vip/vip/data/data/f_003.jpg
3,f_004,1.63,63.0,23.71184463,/home/quanhhh/Documents/vip/vip/data/data/f_004.jpg
4,f_005,1.76,54.0,17.43285124,/home/quanhhh/Documents/vip/vip/data/data/f_005.jpg
5,f_006,1.73,56.0,18.71094925,/home/quanhhh/Documents/vip/vip/data/data/f_006.jpg
6,f_007,1.7,54.0,18.68512111,/home/quanhhh/Documents/vip/vip/data/data/f_007.jpg
7,f_008,1.65,57.0,20.93663912,/home/quanhhh/Documents/vip/vip/data/data/f_008.jpg
8,f_009,1.83,63.0,18.81214727,/home/quanhhh/Documents/vip/vip/data/data/f_009.jpg
9,f_010,1.58,51.0,20.42941836,/home/quanhhh/Documents/vip/vip/data/data/f_010.jpg
10,f_011,1.7,64.0,22.14532872,/home/quanhhh/Documents/vip/vip/data/data/f_011.jpg
11,f_012,1.59,58.0,22.94213045,/home/quanhhh/Documents/vip/vip/data/data/f_012.jpg
12,f_013,1.75,72.0,23.51020408,/home/quanhhh/Documents/vip/vip/data/data/f_013.jpg
13,f_014,1.73,58.0,19.37919743,/home/quanhhh/Documents/vip/vip/data/data/f_014.jpg
14,f_015,1.58,52.0,20.82999519,/home/quanhhh/Documents/vip/vip/data/data/f_015.jpg
15,f_016,1.7,70.0,24.22145329,/home/quanhhh/Documents/vip/vip/data/data/f_016.jpg
16,f_017,1.59,50.0,19.77769867,/home/quanhhh/Documents/vip/vip/data/data/f_017.jpg
17,f_018,1.69,54.0,18.90690102,/home/quanhhh/Documents/vip/vip/data/data/f_018.jpg
18,f_019,1.65,54.0,19.83471074,/home/quanhhh/Documents/vip/vip/data/data/f_019.jpg
19,f_020,1.57,48.0,19.47340663,/home/quanhhh/Documents/vip/vip/data/data/f_020.jpg
20,f_021,1.73,56.0,18.71094925,/home/quanhhh/Documents/vip/vip/data/data/f_021.jpg
21,f_022,1.52,49.0,21.20844875,/home/quanhhh/Documents/vip/vip/data/data/f_022.jpg
22,f_023,1.7,65.0,22.49134948,/home/quanhhh/Documents/vip/vip/data/data/f_023.jpg
23,f_024,1.73,56.0,18.71094925,/home/quanhhh/Documents/vip/vip/data/data/f_024.jpg
24,f_025,1.58,47.0,18.82711104,/home/quanhhh/Documents/vip/vip/data/data/f_025.jpg
25,f_026,1.7,56.0,19.37716263,/home/quanhhh/Documents/vip/vip/data/data/f_026.jpg
26,f_027,1.7,62.0,21.4532872,/home/quanhhh/Documents/vip/vip/data/data/f_027.jpg
27,f_028,1.6,48.0,18.75,/home/quanhhh/Documents/vip/vip/data/data/f_028.jpg
28,f_029,1.55,50.0,20.81165453,/home/quanhhh/Documents/vip/vip/data/data/f_029.jpg
29,f_030,1.74,56.0,18.49649888,/home/quanhhh/Documents/vip/vip/data/data/f_030.jpg
30,f_031,1.65,57.0,20.93663912,/home/quanhhh/Documents/vip/vip/data/data/f_031.jpg
31,f_032,1.7,53.0,18.33910035,/home/quanhhh/Documents/vip/vip/data/data/f_032.jpg
32,f_033,1.63,58.0,21.8299522,/home/quanhhh/Documents/vip/vip/data/data/f_033.jpg
33,f_034,1.71,65.0,22.22906193,/home/quanhhh/Documents/vip/vip/data/data/f_034.jpg
34,f_035,1.58,61.0,24.43518667,/home/quanhhh/Documents/vip/vip/data/data/f_035.jpg
35,f_036,1.78,63.0,19.88385305,/home/quanhhh/Documents/vip/vip/data/data/f_036.jpg
36,f_037,1.65,66.0,24.24242424,/home/quanhhh/Documents/vip/vip/data/data/f_037.jpg
37,f_038,1.6,48.0,18.75,/home/quanhhh/Documents/vip/vip/data/data/f_038.jpg
38,f_039,1.73,55.0,18.37682515,/home/quanhhh/Documents/vip/vip/data/data/f_039.jpg
39,f_040,1.83,61.0,18.21493625,/home/quanhhh/Documents/vip/vip/data/data/f_040.jpg
40,f_041,1.75,53.0,17.30612245,/home/quanhhh/Documents/vip/vip/data/data/f_041.jpg
41,f_042,1.68,61.0,21.61281179,/home/quanhhh/Documents/vip/vip/data/data/f_042.jpg
42,f_043,1.73,62.0,20.71569381,/home/quanhhh/Documents/vip/vip/data/data/f_043.jpg
43,f_044,1.66,51.0,18.507766,/home/quanhhh/Documents/vip/vip/data/data/f_044.jpg
44,f_045,1.74,58.0,19.15708812,/home/quanhhh/Documents/vip/vip/data/data/f_045.jpg
45,f_046,1.75,55.0,17.95918367,/home/quanhhh/Documents/vip/vip/data/data/f_046.jpg
46,f_047,1.73,52.0,17.37445287,/home/quanhhh/Documents/vip/vip/data/data/f_047.jpg
47,f_048,1.68,53.0,18.77834467,/home/quanhhh/Documents/vip/vip/data/data/f_048.jpg
48,f_049,1.73,59.0,19.71332153,/home/quanhhh/Documents/vip/vip/data/data/f_049.jpg
49,f_050,1.73,51.0,17.04032878,/home/quanhhh/Documents/vip/vip/data/data/f_050.jpg
50,f_051,1.7,54.0,18.68512111,/home/quanhhh/Documents/vip/vip/data/data/f_051.jpg
51,f_052,1.57,52.0,21.09619051,/home/quanhhh/Documents/vip/vip/data/data/f_052.jpg
52,f_053,1.6,57.0,22.265625,/home/quanhhh/Documents/vip/vip/data/data/f_053.jpg
53,f_054,1.63,63.0,23.71184463,/home/quanhhh/Documents/vip/vip/data/data/f_054.jpg
54,f_055,1.55,67.0,27.88761707,/home/quanhhh/Documents/vip/vip/data/data/f_055.jpg
55,f_056,1.79,58.0,18.10180706,/home/quanhhh/Documents/vip/vip/data/data/f_056.jpg
56,f_057,1.67,55.0,19.72103697,/home/quanhhh/Documents/vip/vip/data/data/f_057.jpg
57,f_058,1.55,57.0,23.72528616,/home/quanhhh/Documents/vip/vip/data/data/f_058.jpg
58,f_059,1.6,53.0,20.703125,/home/quanhhh/Documents/vip/vip/data/data/f_059.jpg
59,f_060,1.49,56.0,25.224089000000003,/home/quanhhh/Documents/vip/vip/data/data/f_060.jpg
60,f_061,1.75,56.0,18.28571429,/home/quanhhh/Documents/vip/vip/data/data/f_061.jpg
61,f_062,1.74,59.0,19.48738275,/home/quanhhh/Documents/vip/vip/data/data/f_062.jpg
62,f_063,1.7,62.0,21.4532872,/home/quanhhh/Documents/vip/vip/data/data/f_063.jpg
63,f_064,1.71,53.0,18.12523512,/home/quanhhh/Documents/vip/vip/data/data/f_064.jpg
64,f_065,1.52,75.0,32.46191136,/home/quanhhh/Documents/vip/vip/data/data/f_065.jpg
65,f_066,1.77,55.0,17.55561939,/home/quanhhh/Documents/vip/vip/data/data/f_066.jpg
66,f_067,1.75,58.0,18.93877551,/home/quanhhh/Documents/vip/vip/data/data/f_067.jpg
67,f_068,1.68,57.0,20.19557823,/home/quanhhh/Documents/vip/vip/data/data/f_068.jpg
68,f_069,1.57,49.0,19.8791026,/home/quanhhh/Documents/vip/vip/data/data/f_069.jpg
69,f_070,1.63,58.0,21.8299522,/home/quanhhh/Documents/vip/vip/data/data/f_070.jpg
70,f_071,1.6,51.0,19.921875,/home/quanhhh/Documents/vip/vip/data/data/f_071.jpg
71,f_072,1.63,54.0,20.32443826,/home/quanhhh/Documents/vip/vip/data/data/f_072.jpg
72,f_073,1.74,55.0,18.16620425,/home/quanhhh/Documents/vip/vip/data/data/f_073.jpg
73,f_074,1.75,64.0,20.89795918,/home/quanhhh/Documents/vip/vip/data/data/f_074.jpg
74,f_075,1.57,50.0,20.28479857,/home/quanhhh/Documents/vip/vip/data/data/f_075.jpg
75,f_076,1.65,55.0,20.2020202,/home/quanhhh/Documents/vip/vip/data/data/f_076.jpg
76,f_077,1.71,73.0,24.96494648,/home/quanhhh/Documents/vip/vip/data/data/f_077.jpg
77,f_078,1.57,54.0,21.90758246,/home/quanhhh/Documents/vip/vip/data/data/f_078.jpg
78,f_079,1.69,53.0,18.55677322,/home/quanhhh/Documents/vip/vip/data/data/f_079.jpg
79,f_080,1.78,56.0,17.67453604,/home/quanhhh/Documents/vip/vip/data/data/f_080.jpg
80,f_081,1.7,62.0,21.4532872,/home/quanhhh/Documents/vip/vip/data/data/f_081.jpg
81,f_082,1.75,64.0,20.89795918,/home/quanhhh/Documents/vip/vip/data/data/f_082.jpg
82,f_083,1.66,54.0,19.59645812,/home/quanhhh/Documents/vip/vip/data/data/f_083.jpg
83,f_084,1.8,60.0,18.51851852,/home/quanhhh/Documents/vip/vip/data/data/f_084.jpg
84,f_085,1.73,58.0,19.37919743,/home/quanhhh/Documents/vip/vip/data/data/f_085.jpg
85,f_086,1.65,57.0,20.93663912,/home/quanhhh/Documents/vip/vip/data/data/f_086.jpg
86,f_087,1.78,55.0,17.35891933,/home/quanhhh/Documents/vip/vip/data/data/f_087.jpg
87,f_088,1.68,56.0,19.84126984,/home/quanhhh/Documents/vip/vip/data/data/f_088.jpg
88,f_089,1.7,61.0,21.10726644,/home/quanhhh/Documents/vip/vip/data/data/f_089.jpg
89,f_090,1.57,64.0,25.96454217,/home/quanhhh/Documents/vip/vip/data/data/f_090.jpg
90,f_091,1.63,52.0,19.57168128,/home/quanhhh/Documents/vip/vip/data/data/f_091.jpg
91,f_092,1.71,54.0,18.46722068,/home/quanhhh/Documents/vip/vip/data/data/f_092.jpg
92,f_093,1.73,54.0,18.04270106,/home/quanhhh/Documents/vip/vip/data/data/f_093.jpg
93,f_094,1.61,58.0,22.37567995,/home/quanhhh/Documents/vip/vip/data/data/f_094.jpg
94,f_095,1.65,56.0,20.56932966,/home/quanhhh/Documents/vip/vip/data/data/f_095.jpg
95,f_096,1.68,55.0,19.48696145,/home/quanhhh/Documents/vip/vip/data/data/f_096.jpg
96,f_097,1.68,52.0,18.42403628,/home/quanhhh/Documents/vip/vip/data/data/f_097.jpg
97,f_098,1.7,57.0,19.72318339,/home/quanhhh/Documents/vip/vip/data/data/f_098.jpg
98,f_099,1.75,54.0,17.63265306,/home/quanhhh/Documents/vip/vip/data/data/f_099.jpg
99,f_100,1.66,58.0,21.04804761,/home/quanhhh/Documents/vip/vip/data/data/f_100.jpg
100,f_101,1.52,53.0,22.93975069,/home/quanhhh/Documents/vip/vip/data/data/f_101.jpg
101,f_102,1.65,61.0,22.40587695,/home/quanhhh/Documents/vip/vip/data/data/f_102.jpg
102,f_103,1.8,64.0,19.75308642,/home/quanhhh/Documents/vip/vip/data/data/f_103.jpg
103,f_104,1.63,50.0,18.81892431,/home/quanhhh/Documents/vip/vip/data/data/f_104.jpg
104,f_105,1.6,52.0,20.3125,/home/quanhhh/Documents/vip/vip/data/data/f_105.jpg
105,f_106,1.7,54.5,18.85813149,/home/quanhhh/Documents/vip/vip/data/data/f_106.jpg
106,f_107,1.65,55.0,20.2020202,/home/quanhhh/Documents/vip/vip/data/data/f_107.jpg
107,f_108,1.78,59.0,18.62138619,/home/quanhhh/Documents/vip/vip/data/data/f_108.jpg
108,f_109,1.68,58.0,20.54988662,/home/quanhhh/Documents/vip/vip/data/data/f_109.jpg
109,f_110,1.57,53.0,21.50188649,/home/quanhhh/Documents/vip/vip/data/data/f_110.jpg
110,f_111,1.75,59.0,19.26530612,/home/quanhhh/Documents/vip/vip/data/data/f_111.jpg
111,f_112,1.82,61.0,18.41565028,/home/quanhhh/Documents/vip/vip/data/data/f_112.jpg
112,f_113,1.71,59.0,20.17714852,/home/quanhhh/Documents/vip/vip/data/data/f_113.jpg
113,f_114,1.55,48.0,19.97918835,/home/quanhhh/Documents/vip/vip/data/data/f_114.jpg
114,f_115,1.7,57.0,19.72318339,/home/quanhhh/Documents/vip/vip/data/data/f_115.jpg
115,f_116,1.65,56.0,20.56932966,/home/quanhhh/Documents/vip/vip/data/data/f_116.jpg
116,f_117,1.77,56.0,17.87481247,/home/quanhhh/Documents/vip/vip/data/data/f_117.jpg
117,f_118,1.57,58.0,23.53036634,/home/quanhhh/Documents/vip/vip/data/data/f_118.jpg
118,f_119,1.71,52.0,17.78324955,/home/quanhhh/Documents/vip/vip/data/data/f_119.jpg
119,f_120,1.75,66.0,21.55102041,/home/quanhhh/Documents/vip/vip/data/data/f_120.jpg
120,f_121,1.63,58.0,21.8299522,/home/quanhhh/Documents/vip/vip/data/data/f_121.jpg
121,f_122,1.73,56.0,18.71094925,/home/quanhhh/Documents/vip/vip/data/data/f_122.jpg
122,f_123,1.57,51.0,20.69049454,/home/quanhhh/Documents/vip/vip/data/data/f_123.jpg
123,f_124,1.68,52.0,18.42403628,/home/quanhhh/Documents/vip/vip/data/data/f_124.jpg
124,f_125,1.65,53.0,19.46740129,/home/quanhhh/Documents/vip/vip/data/data/f_125.jpg
125,f_126,1.73,55.0,18.37682515,/home/quanhhh/Documents/vip/vip/data/data/f_126.JPG
126,f_127,1.78,55.0,17.35891933,/home/quanhhh/Documents/vip/vip/data/data/f_127.jpg
127,f_128,1.52,45.0,19.47714681,/home/quanhhh/Documents/vip/vip/data/data/f_128.jpg
128,f_129,1.49,49.0,22.07107788,/home/quanhhh/Documents/vip/vip/data/data/f_129.jpg
129,f_130,1.57,53.0,21.50188649,/home/quanhhh/Documents/vip/vip/data/data/f_130.jpg
130,f_131,1.68,56.0,19.84126984,/home/quanhhh/Documents/vip/vip/data/data/f_131.jpg
131,f_132,1.68,54.0,19.13265306,/home/quanhhh/Documents/vip/vip/data/data/f_132.jpg
132,f_133,1.68,55.0,19.48696145,/home/quanhhh/Documents/vip/vip/data/data/f_133.jpg
133,f_134,1.77,55.0,17.55561939,/home/quanhhh/Documents/vip/vip/data/data/f_134.jpg
134,f_135,1.7,58.0,20.06920415,/home/quanhhh/Documents/vip/vip/data/data/f_135.jpg
135,f_136,1.7,55.0,19.03114187,/home/quanhhh/Documents/vip/vip/data/data/f_136.jpg
136,f_137,1.69,61.0,21.3577956,/home/quanhhh/Documents/vip/vip/data/data/f_137.jpg
137,f_138,1.65,52.0,19.10009183,/home/quanhhh/Documents/vip/vip/data/data/f_138.jpg
138,f_139,1.63,57.0,21.45357371,/home/quanhhh/Documents/vip/vip/data/data/f_139.jpg
139,f_140,1.6,58.0,22.65625,/home/quanhhh/Documents/vip/vip/data/data/f_140.jpg
140,f_141,1.75,54.0,17.63265306,/home/quanhhh/Documents/vip/vip/data/data/f_141.jpg
141,f_142,1.6,54.0,21.09375,/home/quanhhh/Documents/vip/vip/data/data/f_142.jpg
142,f_143,1.66,48.0,17.41907389,/home/quanhhh/Documents/vip/vip/data/data/f_143.jpg
143,f_144,1.65,150.0,55.09641873,/home/quanhhh/Documents/vip/vip/data/data/f_144.jpg
144,f_145,1.91,77.0,21.10687755,/home/quanhhh/Documents/vip/vip/data/data/f_145.jpg
145,f_146,1.7,56.0,19.37716263,/home/quanhhh/Documents/vip/vip/data/data/f_146.jpg
146,f_147,1.73,58.0,19.37919743,/home/quanhhh/Documents/vip/vip/data/data/f_147.jpg
147,f_148,1.78,58.0,18.30576947,/home/quanhhh/Documents/vip/vip/data/data/f_148.jpg
148,f_149,1.83,66.0,19.70796381,/home/quanhhh/Documents/vip/vip/data/data/f_149.jpg
149,f_150,1.79,57.0,17.78970694,/home/quanhhh/Documents/vip/vip/data/data/f_150.jpg
150,f_151,1.68,55.0,19.48696145,/home/quanhhh/Documents/vip/vip/data/data/f_151.jpg
151,f_152,1.8,57.0,17.59259259,/home/quanhhh/Documents/vip/vip/data/data/f_152.jpg
152,f_153,1.75,51.0,16.65306122,/home/quanhhh/Documents/vip/vip/data/data/f_153.jpg
153,f_154,1.68,52.0,18.42403628,/home/quanhhh/Documents/vip/vip/data/data/f_154.jpg
154,f_155,1.68,55.0,19.48696145,/home/quanhhh/Documents/vip/vip/data/data/f_155.jpg
155,f_156,1.91,84.0,23.0256846,/home/quanhhh/Documents/vip/vip/data/data/f_156.jpg
156,f_157,1.75,60.0,19.59183673,/home/quanhhh/Documents/vip/vip/data/data/f_157.jpg
157,f_158,1.73,60.0,20.04744562,/home/quanhhh/Documents/vip/vip/data/data/f_158.jpg
158,f_159,1.66,55.0,19.95935549,/home/quanhhh/Documents/vip/vip/data/data/f_159.jpg
159,f_160,1.53,53.0,22.64086462,/home/quanhhh/Documents/vip/vip/data/data/f_160.jpg
160,f_161,1.59,56.0,22.15102251,/home/quanhhh/Documents/vip/vip/data/data/f_161.jpg
161,f_162,1.73,57.0,19.04507334,/home/quanhhh/Documents/vip/vip/data/data/f_162.jpg
162,f_163,1.65,56.0,20.56932966,/home/quanhhh/Documents/vip/vip/data/data/f_163.jpg
163,f_164,1.75,57.0,18.6122449,/home/quanhhh/Documents/vip/vip/data/data/f_164.jpg
164,f_165,1.73,96.0,32.07591299,/home/quanhhh/Documents/vip/vip/data/data/f_165.jpg
165,f_166,1.76,62.0,20.01549587,/home/quanhhh/Documents/vip/vip/data/data/f_166.jpg
166,f_167,1.57,49.0,19.8791026,/home/quanhhh/Documents/vip/vip/data/data/f_167.jpg
167,f_168,1.7,58.0,20.06920415,/home/quanhhh/Documents/vip/vip/data/data/f_168.jpg
168,f_169,1.63,66.0,24.84098009,/home/quanhhh/Documents/vip/vip/data/data/f_169.jpg
169,f_170,1.57,55.0,22.31327843,/home/quanhhh/Documents/vip/vip/data/data/f_170.jpg
170,f_171,1.68,55.0,19.48696145,/home/quanhhh/Documents/vip/vip/data/data/f_171.jpg
171,f_172,1.7,56.0,19.37716263,/home/quanhhh/Documents/vip/vip/data/data/f_172.jpg
172,f_173,1.63,55.0,20.70081674,/home/quanhhh/Documents/vip/vip/data/data/f_173.jpg
173,f_174,1.78,68.0,21.46193662,/home/quanhhh/Documents/vip/vip/data/data/f_174.jpg
174,f_175,1.73,57.0,19.04507334,/home/quanhhh/Documents/vip/vip/data/data/f_175.jpg
175,f_176,1.6,57.0,22.265625,/home/quanhhh/Documents/vip/vip/data/data/f_176.jpg
176,f_177,1.8,64.0,19.75308642,/home/quanhhh/Documents/vip/vip/data/data/f_177.jpg
177,f_178,1.63,56.0,21.07719523,/home/quanhhh/Documents/vip/vip/data/data/f_178.jpg
178,f_179,1.52,49.0,21.20844875,/home/quanhhh/Documents/vip/vip/data/data/f_179.jpg
179,f_180,1.74,58.0,19.15708812,/home/quanhhh/Documents/vip/vip/data/data/f_180.jpg
180,f_181,1.65,54.0,19.83471074,/home/quanhhh/Documents/vip/vip/data/data/f_181.jpg
181,f_182,1.64,57.0,21.19274242,/home/quanhhh/Documents/vip/vip/data/data/f_182.jpg
182,f_183,1.65,55.0,20.2020202,/home/quanhhh/Documents/vip/vip/data/data/f_183.jpg
183,f_184,1.64,58.5,21.75044616,/home/quanhhh/Documents/vip/vip/data/data/f_184.jpg
184,f_185,1.83,73.0,21.79820239,/home/quanhhh/Documents/vip/vip/data/data/f_185.jpg
185,f_186,1.55,57.0,23.72528616,/home/quanhhh/Documents/vip/vip/data/data/f_186.jpg
186,f_187,1.52,52.0,22.50692521,/home/quanhhh/Documents/vip/vip/data/data/f_187.jpg
187,f_188,1.63,58.0,21.8299522,/home/quanhhh/Documents/vip/vip/data/data/f_188.jpg
188,f_189,1.78,59.0,18.62138619,/home/quanhhh/Documents/vip/vip/data/data/f_189.jpg
189,f_190,1.68,61.0,21.61281179,/home/quanhhh/Documents/vip/vip/data/data/f_190.jpg
190,f_191,1.6,59.0,23.046875,/home/quanhhh/Documents/vip/vip/data/data/f_191.jpg
191,f_192,1.57,50.0,20.28479857,/home/quanhhh/Documents/vip/vip/data/data/f_192.jpg
192,f_193,1.6,52.0,20.3125,/home/quanhhh/Documents/vip/vip/data/data/f_193.jpg
193,f_194,1.78,55.0,17.35891933,/home/quanhhh/Documents/vip/vip/data/data/f_194.jpg
194,f_195,1.68,57.0,20.19557823,/home/quanhhh/Documents/vip/vip/data/data/f_195.jpg
195,f_196,1.63,56.0,21.07719523,/home/quanhhh/Documents/vip/vip/data/data/f_196.jpg
196,f_197,1.65,53.0,19.46740129,/home/quanhhh/Documents/vip/vip/data/data/f_197.jpg
197,f_198,1.64,53.0,19.70553242,/home/quanhhh/Documents/vip/vip/data/data/f_198.jpg
198,f_199,1.69,52.0,18.20664543,/home/quanhhh/Documents/vip/vip/data/data/f_199.jpg
199,f_200,1.73,61.0,20.38156971,/home/quanhhh/Documents/vip/vip/data/data/f_200.jpg
200,f_201,1.6,59.0,23.046875,/home/quanhhh/Documents/vip/vip/data/data/f_201.jpg
201,f_202,1.75,70.0,22.85714286,/home/quanhhh/Documents/vip/vip/data/data/f_202.jpg
202,f_203,1.75,63.0,20.57142857,/home/quanhhh/Documents/vip/vip/data/data/f_203.jpg
203,f_204,1.64,59.0,21.93634741,/home/quanhhh/Documents/vip/vip/data/data/f_204.jpg
204,f_205,1.57,56.0,22.7189744,/home/quanhhh/Documents/vip/vip/data/data/f_205.jpg
205,f_206,1.63,53.0,19.94805977,/home/quanhhh/Documents/vip/vip/data/data/f_206.jpg
206,f_207,1.7,55.0,19.03114187,/home/quanhhh/Documents/vip/vip/data/data/f_207.jpg
207,f_208,1.69,56.0,19.60715661,/home/quanhhh/Documents/vip/vip/data/data/f_208.jpg
208,f_209,1.7,55.0,19.03114187,/home/quanhhh/Documents/vip/vip/data/data/f_209.jpg
209,f_210,1.63,56.0,21.07719523,/home/quanhhh/Documents/vip/vip/data/data/f_210.jpg
210,f_211,1.63,52.0,19.57168128,/home/quanhhh/Documents/vip/vip/data/data/f_211.jpg
211,f_212,1.61,57.0,21.98989237,/home/quanhhh/Documents/vip/vip/data/data/f_212.jpg
212,f_213,1.73,55.0,18.37682515,/home/quanhhh/Documents/vip/vip/data/data/f_213.jpg
213,f_214,1.65,56.0,20.56932966,/home/quanhhh/Documents/vip/vip/data/data/f_214.jpg
214,f_215,1.68,57.0,20.19557823,/home/quanhhh/Documents/vip/vip/data/data/f_215.jpg
215,f_216,1.57,52.0,21.09619051,/home/quanhhh/Documents/vip/vip/data/data/f_216.jpg
216,f_217,1.59,52.0,20.56880661,/home/quanhhh/Documents/vip/vip/data/data/f_217.jpg
217,f_218,1.75,68.0,22.20408163,/home/quanhhh/Documents/vip/vip/data/data/f_218.jpg
218,f_219,1.65,54.0,19.83471074,/home/quanhhh/Documents/vip/vip/data/data/f_219.jpg
219,f_220,1.7,56.0,19.37716263,/home/quanhhh/Documents/vip/vip/data/data/f_220.jpg
220,f_221,1.78,64.0,20.19946976,/home/quanhhh/Documents/vip/vip/data/data/f_221.jpg
221,f_222,1.67,70.0,25.0995016,/home/quanhhh/Documents/vip/vip/data/data/f_222.jpg
222,f_223,1.55,53.0,22.0603538,/home/quanhhh/Documents/vip/vip/data/data/f_223.jpg
223,f_224,1.6,54.0,21.09375,/home/quanhhh/Documents/vip/vip/data/data/f_224.jpg
224,f_225,1.75,58.0,18.93877551,/home/quanhhh/Documents/vip/vip/data/data/f_225.jpg
225,f_226,1.6,54.0,21.09375,/home/quanhhh/Documents/vip/vip/data/data/f_226.jpg
226,f_227,1.6,54.0,21.09375,/home/quanhhh/Documents/vip/vip/data/data/f_227.jpg
227,f_228,1.68,52.0,18.42403628,/home/quanhhh/Documents/vip/vip/data/data/f_228.jpg
228,f_229,1.68,57.0,20.19557823,/home/quanhhh/Documents/vip/vip/data/data/f_229.jpg
229,f_230,1.68,57.0,20.19557823,/home/quanhhh/Documents/vip/vip/data/data/f_230.jpg
230,f_231,1.65,55.0,20.2020202,/home/quanhhh/Documents/vip/vip/data/data/f_231.jpg
231,f_232,1.88,57.0,16.12720688,/home/quanhhh/Documents/vip/vip/data/data/f_232.jpg
232,f_233,1.55,52.0,21.64412071,/home/quanhhh/Documents/vip/vip/data/data/f_233.jpg
233,f_234,1.6,54.0,21.09375,/home/quanhhh/Documents/vip/vip/data/data/f_234.jpg
234,f_235,1.61,58.0,22.37567995,/home/quanhhh/Documents/vip/vip/data/data/f_235.jpg
235,f_236,1.57,52.0,21.09619051,/home/quanhhh/Documents/vip/vip/data/data/f_236.jpg
236,f_237,1.7,54.0,18.68512111,/home/quanhhh/Documents/vip/vip/data/data/f_237.jpg
237,f_238,1.65,52.0,19.10009183,/home/quanhhh/Documents/vip/vip/data/data/f_238.jpg
238,f_239,1.63,58.0,21.8299522,/home/quanhhh/Documents/vip/vip/data/data/f_239.jpg
239,f_240,1.68,55.0,19.48696145,/home/quanhhh/Documents/vip/vip/data/data/f_240.jpg
240,f_241,1.75,55.0,17.95918367,/home/quanhhh/Documents/vip/vip/data/data/f_241.jpg
241,f_242,1.7,55.0,19.03114187,/home/quanhhh/Documents/vip/vip/data/data/f_242.jpg
242,f_243,1.78,64.0,20.19946976,/home/quanhhh/Documents/vip/vip/data/data/f_243.jpg
243,f_244,1.78,65.0,20.51508648,/home/quanhhh/Documents/vip/vip/data/data/f_244.jpg
244,f_245,1.69,63.0,22.05805119,/home/quanhhh/Documents/vip/vip/data/data/f_245.jpg
245,f_246,1.73,56.0,18.71094925,/home/quanhhh/Documents/vip/vip/data/data/f_246.jpg
246,f_247,1.74,58.0,19.15708812,/home/quanhhh/Documents/vip/vip/data/data/f_247.jpg
247,f_248,1.8,60.0,18.51851852,/home/quanhhh/Documents/vip/vip/data/data/f_248.jpg
248,f_249,1.6,55.0,21.484375,/home/quanhhh/Documents/vip/vip/data/data/f_249.jpg
249,f_250,1.78,64.0,20.19946976,/home/quanhhh/Documents/vip/vip/data/data/f_250.jpg
250,f_251,1.71,54.0,18.46722068,/home/quanhhh/Documents/vip/vip/data/data/f_251.jpg
251,f_252,1.54,59.0,24.87771968,/home/quanhhh/Documents/vip/vip/data/data/f_252.jpg
252,f_253,1.75,55.0,17.95918367,/home/quanhhh/Documents/vip/vip/data/data/f_253.jpg
253,f_254,1.75,57.0,18.6122449,/home/quanhhh/Documents/vip/vip/data/data/f_254.jpg
254,f_255,1.73,59.0,19.71332153,/home/quanhhh/Documents/vip/vip/data/data/f_255.jpg
255,f_256,1.7,54.0,18.68512111,/home/quanhhh/Documents/vip/vip/data/data/f_256.jpg
256,f_257,1.55,45.0,18.73048907,/home/quanhhh/Documents/vip/vip/data/data/f_257.jpg
257,f_258,1.78,57.0,17.99015276,/home/quanhhh/Documents/vip/vip/data/data/f_258.jpg
258,f_259,1.61,66.0,25.46198063,/home/quanhhh/Documents/vip/vip/data/data/f_259.jpg
259,f_260,1.58,57.0,22.83287935,/home/quanhhh/Documents/vip/vip/data/data/f_260.jpg
260,f_261,1.68,57.0,20.19557823,/home/quanhhh/Documents/vip/vip/data/data/f_261.jpg
261,f_262,1.6,50.0,19.53125,/home/quanhhh/Documents/vip/vip/data/data/f_262.jpg
262,f_263,1.73,58.0,19.37919743,/home/quanhhh/Documents/vip/vip/data/data/f_263.jpg
263,f_264,1.72,59.0,19.94321255,/home/quanhhh/Documents/vip/vip/data/data/f_264.jpg
264,f_265,1.79,54.0,16.85340657,/home/quanhhh/Documents/vip/vip/data/data/f_265.jpg
265,f_266,1.63,56.0,21.07719523,/home/quanhhh/Documents/vip/vip/data/data/f_266.jpg
266,f_267,1.75,53.0,17.30612245,/home/quanhhh/Documents/vip/vip/data/data/f_267.jpg
267,f_268,1.63,52.0,19.57168128,/home/quanhhh/Documents/vip/vip/data/data/f_268.jpg
268,f_269,1.63,53.0,19.94805977,/home/quanhhh/Documents/vip/vip/data/data/f_269.jpg
269,f_270,1.75,64.0,20.89795918,/home/quanhhh/Documents/vip/vip/data/data/f_270.jpg
270,f_271,1.57,54.0,21.90758246,/home/quanhhh/Documents/vip/vip/data/data/f_271.jpg
271,f_272,1.77,72.0,22.98190175,/home/quanhhh/Documents/vip/vip/data/data/f_272.jpg
272,f_273,1.6,46.0,17.96875,/home/quanhhh/Documents/vip/vip/data/data/f_273.jpg
273,f_274,1.7,62.0,21.4532872,/home/quanhhh/Documents/vip/vip/data/data/f_274.jpg
274,f_275,1.59,60.0,23.7332384,/home/quanhhh/Documents/vip/vip/data/data/f_275.jpg
275,f_276,1.75,70.0,22.85714286,/home/quanhhh/Documents/vip/vip/data/data/f_276.jpg
276,f_277,1.75,55.0,17.95918367,/home/quanhhh/Documents/vip/vip/data/data/f_277.jpg
277,f_278,1.83,66.0,19.70796381,/home/quanhhh/Documents/vip/vip/data/data/f_278.jpg
278,f_279,1.7,54.0,18.68512111,/home/quanhhh/Documents/vip/vip/data/data/f_279.jpg
279,f_280,1.71,66.0,22.5710475,/home/quanhhh/Documents/vip/vip/data/data/f_280.jpg
280,f_281,1.52,51.0,22.07409972,/home/quanhhh/Documents/vip/vip/data/data/f_281.jpg
281,f_282,1.68,63.0,22.32142857,/home/quanhhh/Documents/vip/vip/data/data/f_282.jpg
282,f_283,1.71,59.0,20.17714852,/home/quanhhh/Documents/vip/vip/data/data/f_283.jpg
283,f_284,1.55,48.0,19.97918835,/home/quanhhh/Documents/vip/vip/data/data/f_284.jpg
284,f_285,1.65,54.0,19.83471074,/home/quanhhh/Documents/vip/vip/data/data/f_285.jpg
285,f_286,1.65,56.0,20.56932966,/home/quanhhh/Documents/vip/vip/data/data/f_286.jpg
286,f_287,1.6,50.0,19.53125,/home/quanhhh/Documents/vip/vip/data/data/f_287.jpg
287,f_288,1.68,55.0,19.48696145,/home/quanhhh/Documents/vip/vip/data/data/f_288.jpg
288,f_289,1.57,55.0,22.31327843,/home/quanhhh/Documents/vip/vip/data/data/f_289.jpg
289,f_290,1.68,60.0,21.2585034,/home/quanhhh/Documents/vip/vip/data/data/f_290.jpg
290,f_291,1.52,46.0,19.9099723,/home/quanhhh/Documents/vip/vip/data/data/f_291.jpg
291,f_292,1.65,56.0,20.56932966,/home/quanhhh/Documents/vip/vip/data/data/f_292.jpg
292,f_293,1.55,53.0,22.0603538,/home/quanhhh/Documents/vip/vip/data/data/f_293.jpg
293,f_294,1.7,61.0,21.10726644,/home/quanhhh/Documents/vip/vip/data/data/f_294.jpg
294,f_295,1.68,55.0,19.48696145,/home/quanhhh/Documents/vip/vip/data/data/f_295.jpg
295,f_296,1.79,61.0,19.03810742,/home/quanhhh/Documents/vip/vip/data/data/f_296.jpg
296,f_297,1.65,54.0,19.83471074,/home/quanhhh/Documents/vip/vip/data/data/f_297.jpg
297,f_298,1.63,54.0,20.32443826,/home/quanhhh/Documents/vip/vip/data/data/f_298.jpg
298,f_299,1.75,61.0,19.91836735,/home/quanhhh/Documents/vip/vip/data/data/f_299.jpg
299,f_300,1.65,59.0,21.67125803,/home/quanhhh/Documents/vip/vip/data/data/f_300.jpg
300,f_301,1.52,48.0,20.77562327,/home/quanhhh/Documents/vip/vip/data/data/f_301.jpg
301,f_302,1.59,53.0,20.96436059,/home/quanhhh/Documents/vip/vip/data/data/f_302.jpg
302,f_303,1.65,56.0,20.56932966,/home/quanhhh/Documents/vip/vip/data/data/f_303.jpg
303,f_304,1.78,60.0,18.9370029,/home/quanhhh/Documents/vip/vip/data/data/f_304.jpg
304,f_305,1.64,53.0,19.70553242,/home/quanhhh/Documents/vip/vip/data/data/f_305.jpg
305,f_306,1.6,66.0,25.78125,/home/quanhhh/Documents/vip/vip/data/data/f_306.jpg
306,f_307,1.7,59.0,20.41522491,/home/quanhhh/Documents/vip/vip/data/data/f_307.jpg
307,f_308,1.5,55.0,24.44444444,/home/quanhhh/Documents/vip/vip/data/data/f_308.jpg
308,f_309,1.75,54.0,17.63265306,/home/quanhhh/Documents/vip/vip/data/data/f_309.jpg
309,f_310,1.58,52.0,20.82999519,/home/quanhhh/Documents/vip/vip/data/data/f_310.jpg
310,f_311,1.65,51.0,18.73278237,/home/quanhhh/Documents/vip/vip/data/data/f_311.jpg
311,f_312,1.6,57.0,22.265625,/home/quanhhh/Documents/vip/vip/data/data/f_312.jpg
312,f_313,1.45,65.0,30.91557669,/home/quanhhh/Documents/vip/vip/data/data/f_313.jpg
313,f_314,1.65,52.0,19.10009183,/home/quanhhh/Documents/vip/vip/data/data/f_314.jpg
314,f_315,1.78,73.0,23.0400202,/home/quanhhh/Documents/vip/vip/data/data/f_315.jpg
315,f_316,1.57,56.0,22.7189744,/home/quanhhh/Documents/vip/vip/data/data/f_316.jpg
316,f_317,1.68,60.0,21.2585034,/home/quanhhh/Documents/vip/vip/data/data/f_317.jpg
317,f_318,1.73,62.0,20.71569381,/home/quanhhh/Documents/vip/vip/data/data/f_318.jpg
318,f_319,1.96,77.0,20.04373178,/home/quanhhh/Documents/vip/vip/data/data/f_319.jpg
319,f_320,1.6,54.0,21.09375,/home/quanhhh/Documents/vip/vip/data/data/f_320.jpg
320,f_321,1.78,64.0,20.19946976,/home/quanhhh/Documents/vip/vip/data/data/f_321.jpg
321,f_322,1.78,57.0,17.99015276,/home/quanhhh/Documents/vip/vip/data/data/f_322.jpg
322,f_323,1.65,53.0,19.46740129,/home/quanhhh/Documents/vip/vip/data/data/f_323.jpg
323,f_324,1.65,61.0,22.40587695,/home/quanhhh/Documents/vip/vip/data/data/f_324.jpg
324,f_325,1.78,59.0,18.62138619,/home/quanhhh/Documents/vip/vip/data/data/f_325.jpg
325,f_326,1.5,88.0,39.11111111,/home/quanhhh/Documents/vip/vip/data/data/f_326.jpg
326,f_327,1.57,54.0,21.90758246,/home/quanhhh/Documents/vip/vip/data/data/f_327.jpg
327,f_328,1.6,52.0,20.3125,/home/quanhhh/Documents/vip/vip/data/data/f_328.jpg
328,f_329,1.65,51.0,18.73278237,/home/quanhhh/Documents/vip/vip/data/data/f_329.jpg
329,f_330,1.6,52.0,20.3125,/home/quanhhh/Documents/vip/vip/data/data/f_330.jpg
330,f_331,1.64,54.0,20.07733492,/home/quanhhh/Documents/vip/vip/data/data/f_331.jpg
331,f_332,1.75,60.0,19.59183673,/home/quanhhh/Documents/vip/vip/data/data/f_332.jpg
332,f_333,1.55,51.0,21.22788762,/home/quanhhh/Documents/vip/vip/data/data/f_333.jpg
333,f_334,1.73,56.0,18.71094925,/home/quanhhh/Documents/vip/vip/data/data/f_334.jpg
334,f_335,1.76,61.0,19.69266529,/home/quanhhh/Documents/vip/vip/data/data/f_335.jpg
335,f_336,1.78,60.0,18.9370029,/home/quanhhh/Documents/vip/vip/data/data/f_336.jpg
336,f_337,1.73,59.0,19.71332153,/home/quanhhh/Documents/vip/vip/data/data/f_337.jpg
337,f_338,1.88,59.0,16.69307379,/home/quanhhh/Documents/vip/vip/data/data/f_338.jpg
338,f_339,1.66,57.0,20.68515024,/home/quanhhh/Documents/vip/vip/data/data/f_339.jpg
339,f_340,1.73,71.0,23.72281065,/home/quanhhh/Documents/vip/vip/data/data/f_340.jpg
340,f_341,1.72,64.0,21.63331531,/home/quanhhh/Documents/vip/vip/data/data/f_341.jpg
341,f_342,1.76,59.0,19.04700413,/home/quanhhh/Documents/vip/vip/data/data/f_342.JPG
342,f_343,1.7,59.0,20.41522491,/home/quanhhh/Documents/vip/vip/data/data/f_343.jpg
343,f_344,1.75,66.0,21.55102041,/home/quanhhh/Documents/vip/vip/data/data/f_344.jpg
344,f_345,1.8,75.0,23.14814815,/home/quanhhh/Documents/vip/vip/data/data/f_345.jpg
345,f_346,1.52,52.0,22.50692521,/home/quanhhh/Documents/vip/vip/data/data/f_346.jpg
346,f_347,1.73,64.0,21.383942,/home/quanhhh/Documents/vip/vip/data/data/f_347.jpg
347,f_348,1.73,57.0,19.04507334,/home/quanhhh/Documents/vip/vip/data/data/f_348.jpg
348,f_349,1.63,52.0,19.57168128,/home/quanhhh/Documents/vip/vip/data/data/f_349.jpg
349,f_350,1.63,67.0,25.21735858,/home/quanhhh/Documents/vip/vip/data/data/f_350.jpg
350,f_351,1.65,59.0,21.67125803,/home/quanhhh/Documents/vip/vip/data/data/f_351.jpg
351,f_352,1.57,49.0,19.8791026,/home/quanhhh/Documents/vip/vip/data/data/f_352.jpg
352,f_353,1.65,57.0,20.93663912,/home/quanhhh/Documents/vip/vip/data/data/f_353.jpg
353,f_354,1.57,94.0,38.13542132,/home/quanhhh/Documents/vip/vip/data/data/f_354.jpg
354,f_355,1.6,52.0,20.3125,/home/quanhhh/Documents/vip/vip/data/data/f_355.jpg
355,f_356,1.61,48.0,18.517804100000003,/home/quanhhh/Documents/vip/vip/data/data/f_356.jpg
356,f_357,1.68,58.0,20.54988662,/home/quanhhh/Documents/vip/vip/data/data/f_357.jpg
357,f_358,1.62,60.0,22.86236854,/home/quanhhh/Documents/vip/vip/data/data/f_358.jpg
358,f_359,1.8,77.0,23.7654321,/home/quanhhh/Documents/vip/vip/data/data/f_359.jpg
359,f_360,1.71,59.0,20.17714852,/home/quanhhh/Documents/vip/vip/data/data/f_360.jpg
360,f_361,1.63,54.0,20.32443826,/home/quanhhh/Documents/vip/vip/data/data/f_361.jpg
361,f_362,1.63,52.0,19.57168128,/home/quanhhh/Documents/vip/vip/data/data/f_362.jpg
362,f_363,1.63,48.0,18.06616734,/home/quanhhh/Documents/vip/vip/data/data/f_363.jpg
363,f_364,1.63,65.0,24.4646016,/home/quanhhh/Documents/vip/vip/data/data/f_364.jpg
364,f_365,1.65,56.0,20.56932966,/home/quanhhh/Documents/vip/vip/data/data/f_365.jpg
365,f_366,1.78,64.0,20.19946976,/home/quanhhh/Documents/vip/vip/data/data/f_366.jpg
366,f_367,1.78,61.0,19.25261962,/home/quanhhh/Documents/vip/vip/data/data/f_367.jpg
367,f_368,1.75,53.0,17.30612245,/home/quanhhh/Documents/vip/vip/data/data/f_368.jpg
368,f_369,1.63,62.0,23.33546614,/home/quanhhh/Documents/vip/vip/data/data/f_369.jpg
369,f_370,1.75,58.0,18.93877551,/home/quanhhh/Documents/vip/vip/data/data/f_370.jpg
370,f_371,1.65,56.0,20.56932966,/home/quanhhh/Documents/vip/vip/data/data/f_371.jpg
371,f_372,1.77,58.0,18.51319863,/home/quanhhh/Documents/vip/vip/data/data/f_372.jpg
372,f_373,1.72,62.0,20.9572742,/home/quanhhh/Documents/vip/vip/data/data/f_373.jpg
373,f_374,1.75,79.0,25.79591837,/home/quanhhh/Documents/vip/vip/data/data/f_374.jpg
374,f_375,1.68,55.0,19.48696145,/home/quanhhh/Documents/vip/vip/data/data/f_375.jpg
375,f_376,1.75,58.0,18.93877551,/home/quanhhh/Documents/vip/vip/data/data/f_376.jpg
376,f_377,1.64,57.0,21.19274242,/home/quanhhh/Documents/vip/vip/data/data/f_377.jpg
377,f_378,1.6,53.5,20.8984375,/home/quanhhh/Documents/vip/vip/data/data/f_378.jpg
378,f_379,1.68,52.0,18.42403628,/home/quanhhh/Documents/vip/vip/data/data/f_379.jpg
379,f_380,1.75,63.0,20.57142857,/home/quanhhh/Documents/vip/vip/data/data/f_380.jpg
380,f_381,1.65,53.0,19.46740129,/home/quanhhh/Documents/vip/vip/data/data/f_381.jpg
381,f_382,1.58,55.0,22.03172568,/home/quanhhh/Documents/vip/vip/data/data/f_382.jpg
382,f_383,1.78,67.0,21.14631991,/home/quanhhh/Documents/vip/vip/data/data/f_383.jpg
383,f_384,1.7,55.0,19.03114187,/home/quanhhh/Documents/vip/vip/data/data/f_384.jpg
384,f_385,1.58,62.0,24.8357635,/home/quanhhh/Documents/vip/vip/data/data/f_385.jpg
385,f_386,1.8,58.0,17.90123457,/home/quanhhh/Documents/vip/vip/data/data/f_386.jpg
386,f_387,1.55,51.0,21.22788762,/home/quanhhh/Documents/vip/vip/data/data/f_387.jpg
387,f_388,1.65,54.0,19.83471074,/home/quanhhh/Documents/vip/vip/data/data/f_388.jpg
388,f_389,1.71,62.0,21.20310523,/home/quanhhh/Documents/vip/vip/data/data/f_389.jpg
389,f_390,1.47,71.0,32.85668009,/home/quanhhh/Documents/vip/vip/data/data/f_390.jpg
390,f_391,1.66,53.0,19.23356075,/home/quanhhh/Documents/vip/vip/data/data/f_391.jpg
391,f_392,1.7,55.0,19.03114187,/home/quanhhh/Documents/vip/vip/data/data/f_392.jpg
392,f_393,1.74,56.0,18.49649888,/home/quanhhh/Documents/vip/vip/data/data/f_393.jpg
393,f_394,1.63,56.0,21.07719523,/home/quanhhh/Documents/vip/vip/data/data/f_394.jpg
394,f_395,1.68,51.0,18.06972789,/home/quanhhh/Documents/vip/vip/data/data/f_395.jpg
395,f_396,1.71,52.0,17.78324955,/home/quanhhh/Documents/vip/vip/data/data/f_396.jpg
396,f_397,1.7,77.0,26.64359862,/home/quanhhh/Documents/vip/vip/data/data/f_397.jpg
397,f_398,1.75,61.0,19.91836735,/home/quanhhh/Documents/vip/vip/data/data/f_398.jpg
398,f_399,1.7,60.0,20.76124567,/home/quanhhh/Documents/vip/vip/data/data/f_399.jpg
399,f_400,1.73,55.0,18.37682515,/home/quanhhh/Documents/vip/vip/data/data/f_400.jpg
400,f_401,1.64,53.0,19.70553242,/home/quanhhh/Documents/vip/vip/data/data/f_401.jpg
401,f_402,1.56,65.0,26.70940171,/home/quanhhh/Documents/vip/vip/data/data/f_402.jpg
402,f_403,1.58,53.0,21.23057202,/home/quanhhh/Documents/vip/vip/data/data/f_403.jpg
403,f_404,1.68,62.0,21.96712018,/home/quanhhh/Documents/vip/vip/data/data/f_404.jpg
404,f_405,1.79,54.0,16.85340657,/home/quanhhh/Documents/vip/vip/data/data/f_405.jpg
405,f_406,1.78,56.0,17.67453604,/home/quanhhh/Documents/vip/vip/data/data/f_406.jpg
406,f_407,1.63,59.0,22.20633069,/home/quanhhh/Documents/vip/vip/data/data/f_407.jpg
407,f_408,1.66,53.0,19.23356075,/home/quanhhh/Documents/vip/vip/data/data/f_408.jpg
408,f_409,1.71,57.0,19.49317739,/home/quanhhh/Documents/vip/vip/data/data/f_409.jpg
409,f_410,1.78,58.0,18.30576947,/home/quanhhh/Documents/vip/vip/data/data/f_410.jpg
410,f_411,1.69,55.0,19.25702882,/home/quanhhh/Documents/vip/vip/data/data/f_411.jpg
411,f_412,1.78,91.0,28.72112107,/home/quanhhh/Documents/vip/vip/data/data/f_412.jpg
412,f_413,1.6,48.0,18.75,/home/quanhhh/Documents/vip/vip/data/data/f_413.jpg
413,f_414,1.63,54.0,20.32443826,/home/quanhhh/Documents/vip/vip/data/data/f_414.jpg
414,f_415,1.7,57.0,19.72318339,/home/quanhhh/Documents/vip/vip/data/data/f_415.jpg
415,f_416,1.73,52.0,17.37445287,/home/quanhhh/Documents/vip/vip/data/data/f_416.jpg
416,f_417,1.65,64.0,23.50780533,/home/quanhhh/Documents/vip/vip/data/data/f_417.jpg
417,f_418,1.63,58.0,21.8299522,/home/quanhhh/Documents/vip/vip/data/data/f_418.jpg
418,f_419,1.64,58.0,21.56454491,/home/quanhhh/Documents/vip/vip/data/data/f_419.jpg
419,f_420,1.7,54.0,18.68512111,/home/quanhhh/Documents/vip/vip/data/data/f_420.jpg
420,f_421,1.8,57.0,17.59259259,/home/quanhhh/Documents/vip/vip/data/data/f_421.jpg
421,f_422,1.59,132.0,52.21312448,/home/quanhhh/Documents/vip/vip/data/data/f_422.jpg
422,f_423,1.55,53.0,22.0603538,/home/quanhhh/Documents/vip/vip/data/data/f_423.jpg
423,f_424,1.63,53.0,19.94805977,/home/quanhhh/Documents/vip/vip/data/data/f_424.jpg
424,f_425,1.58,54.0,21.63114885,/home/quanhhh/Documents/vip/vip/data/data/f_425.jpg
425,f_426,1.62,66.0,25.1486054,/home/quanhhh/Documents/vip/vip/data/data/f_426.jpg
426,f_427,1.73,61.0,20.38156971,/home/quanhhh/Documents/vip/vip/data/data/f_427.jpg
427,f_428,1.66,55.0,19.95935549,/home/quanhhh/Documents/vip/vip/data/data/f_428.jpg
428,f_429,1.78,54.0,17.04330261,/home/quanhhh/Documents/vip/vip/data/data/f_429.jpg
429,f_430,1.68,60.0,21.2585034,/home/quanhhh/Documents/vip/vip/data/data/f_430.jpg
430,f_431,1.6,52.0,20.3125,/home/quanhhh/Documents/vip/vip/data/data/f_431.jpg
431,f_432,1.7,60.0,20.76124567,/home/quanhhh/Documents/vip/vip/data/data/f_432.jpg
432,f_433,1.68,53.0,18.77834467,/home/quanhhh/Documents/vip/vip/data/data/f_433.jpg
433,f_434,1.63,53.0,19.94805977,/home/quanhhh/Documents/vip/vip/data/data/f_434.jpg
434,f_435,1.75,54.0,17.63265306,/home/quanhhh/Documents/vip/vip/data/data/f_435.jpg
435,f_436,1.7,84.0,29.06574394,/home/quanhhh/Documents/vip/vip/data/data/f_436.jpg
436,f_437,1.67,54.0,19.36247266,/home/quanhhh/Documents/vip/vip/data/data/f_437.jpg
437,f_438,1.6,52.0,20.3125,/home/quanhhh/Documents/vip/vip/data/data/f_438.jpg
438,f_439,1.63,56.0,21.07719523,/home/quanhhh/Documents/vip/vip/data/data/f_439.jpg
439,f_440,1.57,56.0,22.7189744,/home/quanhhh/Documents/vip/vip/data/data/f_440.jpg
440,f_441,1.65,54.0,19.83471074,/home/quanhhh/Documents/vip/vip/data/data/f_441.jpg
441,f_442,1.71,54.0,18.46722068,/home/quanhhh/Documents/vip/vip/data/data/f_442.jpg
442,f_443,1.68,52.0,18.42403628,/home/quanhhh/Documents/vip/vip/data/data/f_443.jpg
443,f_444,2.31,200.0,37.48055696,/home/quanhhh/Documents/vip/vip/data/data/f_444.jpg
444,f_445,1.72,54.0,18.25310979,/home/quanhhh/Documents/vip/vip/data/data/f_445.jpg
445,f_446,1.73,62.0,20.71569381,/home/quanhhh/Documents/vip/vip/data/data/f_446.jpg
446,f_447,1.57,48.0,19.47340663,/home/quanhhh/Documents/vip/vip/data/data/f_447.jpg
447,f_448,1.6,56.0,21.875,/home/quanhhh/Documents/vip/vip/data/data/f_448.jpg
448,f_449,1.63,55.0,20.70081674,/home/quanhhh/Documents/vip/vip/data/data/f_449.jpg
449,f_450,1.65,55.0,20.2020202,/home/quanhhh/Documents/vip/vip/data/data/f_450.jpg
450,f_451,1.6,57.0,22.265625,/home/quanhhh/Documents/vip/vip/data/data/f_451.jpg
451,f_452,1.65,59.0,21.67125803,/home/quanhhh/Documents/vip/vip/data/data/f_452.jpg
452,f_453,1.6,54.0,21.09375,/home/quanhhh/Documents/vip/vip/data/data/f_453.jpg
453,f_454,1.73,60.0,20.04744562,/home/quanhhh/Documents/vip/vip/data/data/f_454.jpg
454,f_455,1.56,53.0,21.77843524,/home/quanhhh/Documents/vip/vip/data/data/f_455.jpg
455,f_456,1.61,50.0,19.28937927,/home/quanhhh/Documents/vip/vip/data/data/f_456.jpg
456,f_457,1.6,58.0,22.65625,/home/quanhhh/Documents/vip/vip/data/data/f_457.jpg
457,f_458,1.68,58.0,20.54988662,/home/quanhhh/Documents/vip/vip/data/data/f_458.jpg
458,f_459,1.58,57.0,22.83287935,/home/quanhhh/Documents/vip/vip/data/data/f_459.jpg
459,f_460,1.71,60.0,20.51913409,/home/quanhhh/Documents/vip/vip/data/data/f_460.jpg
460,f_461,1.6,53.0,20.703125,/home/quanhhh/Documents/vip/vip/data/data/f_461.jpg
461,f_462,1.55,95.0,39.5421436,/home/quanhhh/Documents/vip/vip/data/data/f_462.jpg
462,f_463,1.61,53.0,20.44674202,/home/quanhhh/Documents/vip/vip/data/data/f_463.jpg
463,f_464,1.57,61.0,24.74745426,/home/quanhhh/Documents/vip/vip/data/data/f_464.jpg
464,f_465,1.65,54.0,19.83471074,/home/quanhhh/Documents/vip/vip/data/data/f_465.jpg
465,f_466,1.42,49.0,24.30073398,/home/quanhhh/Documents/vip/vip/data/data/f_466.jpg
466,f_467,1.7,64.0,22.14532872,/home/quanhhh/Documents/vip/vip/data/data/f_467.jpg
467,f_468,1.72,56.0,18.92915089,/home/quanhhh/Documents/vip/vip/data/data/f_468.jpg
468,f_469,1.7,52.0,17.99307958,/home/quanhhh/Documents/vip/vip/data/data/f_469.jpg
469,f_470,1.63,55.0,20.70081674,/home/quanhhh/Documents/vip/vip/data/data/f_470.jpg
470,f_471,1.68,54.0,19.13265306,/home/quanhhh/Documents/vip/vip/data/data/f_471.jpg
471,f_472,1.76,64.0,20.66115702,/home/quanhhh/Documents/vip/vip/data/data/f_472.jpg
472,f_473,1.8,59.0,18.20987654,/home/quanhhh/Documents/vip/vip/data/data/f_473.jpg
473,f_474,1.65,73.0,26.81359045,/home/quanhhh/Documents/vip/vip/data/data/f_474.jpg
474,f_475,1.7,57.0,19.72318339,/home/quanhhh/Documents/vip/vip/data/data/f_475.jpg
475,f_476,1.63,100.0,37.63784862,/home/quanhhh/Documents/vip/vip/data/data/f_476.jpg
476,f_477,1.75,58.0,18.93877551,/home/quanhhh/Documents/vip/vip/data/data/f_477.jpg
477,f_478,1.65,53.0,19.46740129,/home/quanhhh/Documents/vip/vip/data/data/f_478.jpg
478,f_479,1.65,65.0,23.87511478,/home/quanhhh/Documents/vip/vip/data/data/f_479.jpg
479,f_480,1.73,54.0,18.04270106,/home/quanhhh/Documents/vip/vip/data/data/f_480.jpg
480,f_481,1.79,57.0,17.78970694,/home/quanhhh/Documents/vip/vip/data/data/f_481.jpg
481,f_482,1.73,79.0,26.3958034,/home/quanhhh/Documents/vip/vip/data/data/f_482.jpg
482,f_483,1.68,55.0,19.48696145,/home/quanhhh/Documents/vip/vip/data/data/f_483.JPG
483,f_484,1.65,58.0,21.30394858,/home/quanhhh/Documents/vip/vip/data/data/f_484.jpg
484,f_485,1.49,47.0,21.17021756,/home/quanhhh/Documents/vip/vip/data/data/f_485.jpg
485,f_486,1.64,55.0,20.44913742,/home/quanhhh/Documents/vip/vip/data/data/f_486.jpg
486,f_487,1.73,59.0,19.71332153,/home/quanhhh/Documents/vip/vip/data/data/f_487.JPG
487,f_488,1.57,50.0,20.28479857,/home/quanhhh/Documents/vip/vip/data/data/f_488.jpg
488,f_489,1.67,54.0,19.36247266,/home/quanhhh/Documents/vip/vip/data/data/f_489.jpg
489,f_490,1.7,54.0,18.68512111,/home/quanhhh/Documents/vip/vip/data/data/f_490.jpg
490,f_491,1.78,64.0,20.19946976,/home/quanhhh/Documents/vip/vip/data/data/f_491.jpg
491,f_492,1.8,64.0,19.75308642,/home/quanhhh/Documents/vip/vip/data/data/f_492.jpg
492,f_493,1.55,50.0,20.81165453,/home/quanhhh/Documents/vip/vip/data/data/f_493.jpg
493,f_494,1.7,54.0,18.68512111,/home/quanhhh/Documents/vip/vip/data/data/f_494.jpg
494,f_495,1.55,60.0,24.97398543,/home/quanhhh/Documents/vip/vip/data/data/f_495.jpg
495,f_496,1.68,60.0,21.2585034,/home/quanhhh/Documents/vip/vip/data/data/f_496.jpg
496,f_497,1.61,52.0,20.06095444,/home/quanhhh/Documents/vip/vip/data/data/f_497.jpg
497,f_498,1.63,49.0,18.44254582,/home/quanhhh/Documents/vip/vip/data/data/f_498.jpg
498,f_499,1.66,50.0,18.14486863,/home/quanhhh/Documents/vip/vip/data/data/f_499.jpg
499,f_500,1.65,59.0,21.67125803,/home/quanhhh/Documents/vip/vip/data/data/f_500.jpg
500,f_501,1.68,61.0,21.61281179,/home/quanhhh/Documents/vip/vip/data/data/f_501.jpg
501,f_502,1.83,58.0,17.31911971,/home/quanhhh/Documents/vip/vip/data/data/f_502.jpg
502,f_503,1.65,59.0,21.67125803,/home/quanhhh/Documents/vip/vip/data/data/f_503.jpg
503,f_504,1.61,52.0,20.06095444,/home/quanhhh/Documents/vip/vip/data/data/f_504.jpg
504,f_505,1.3,80.0,47.33727811,/home/quanhhh/Documents/vip/vip/data/data/f_505.jpg
505,f_506,1.58,51.0,20.42941836,/home/quanhhh/Documents/vip/vip/data/data/f_506.jpg
506,f_507,1.7,54.0,18.68512111,/home/quanhhh/Documents/vip/vip/data/data/f_507.jpg
507,f_508,1.63,52.0,19.57168128,/home/quanhhh/Documents/vip/vip/data/data/f_508.jpg
508,f_509,1.68,55.0,19.48696145,/home/quanhhh/Documents/vip/vip/data/data/f_509.jpg
509,f_510,2.18,101.0,21.25241983,/home/quanhhh/Documents/vip/vip/data/data/f_510.jpg
510,f_511,1.7,55.0,19.03114187,/home/quanhhh/Documents/vip/vip/data/data/f_511.jpg
511,f_512,1.67,72.0,25.81663021,/home/quanhhh/Documents/vip/vip/data/data/f_512.jpg
512,f_513,1.71,64.0,21.88707637,/home/quanhhh/Documents/vip/vip/data/data/f_513.jpg
513,m_001,1.83,84.0,25.08286303,/home/quanhhh/Documents/vip/vip/data/data/m_001.jpg
514,m_002,1.83,75.0,22.39541342,/home/quanhhh/Documents/vip/vip/data/data/m_002.jpg
515,m_003,2.11,122.0,27.40279868,/home/quanhhh/Documents/vip/vip/data/data/m_003.jpg
516,m_004,1.8,74.0,22.83950617,/home/quanhhh/Documents/vip/vip/data/data/m_004.jpg
517,m_005,1.82,77.0,23.24598478,/home/quanhhh/Documents/vip/vip/data/data/m_005.jpg
518,m_006,1.77,86.0,27.45060487,/home/quanhhh/Documents/vip/vip/data/data/m_006.jpg
519,m_007,1.85,83.0,24.25127831,/home/quanhhh/Documents/vip/vip/data/data/m_007.jpg
520,m_008,1.83,91.0,27.17310162,/home/quanhhh/Documents/vip/vip/data/data/m_008.jpg
521,m_009,2.21,95.0,19.45087119,/home/quanhhh/Documents/vip/vip/data/data/m_009.jpg
522,m_010,1.98,150.0,38.2614019,/home/quanhhh/Documents/vip/vip/data/data/m_010.jpg
523,m_011,2.12,240.0,53.3997864,/home/quanhhh/Documents/vip/vip/data/data/m_011.jpg
524,m_012,1.75,78.0,25.46938776,/home/quanhhh/Documents/vip/vip/data/data/m_012.jpg
525,m_013,1.75,77.0,25.14285714,/home/quanhhh/Documents/vip/vip/data/data/m_013.jpg
526,m_014,1.74,77.0,25.43268596,/home/quanhhh/Documents/vip/vip/data/data/m_014.jpg
527,m_015,1.88,113.0,31.97148031,/home/quanhhh/Documents/vip/vip/data/data/m_015.jpg
528,m_016,2.21,132.0,27.02647366,/home/quanhhh/Documents/vip/vip/data/data/m_016.jpg
529,m_017,1.89,80.0,22.39578959,/home/quanhhh/Documents/vip/vip/data/data/m_017.jpg
530,m_018,1.68,62.0,21.96712018,/home/quanhhh/Documents/vip/vip/data/data/m_018.jpg
531,m_019,1.85,81.0,23.66691015,/home/quanhhh/Documents/vip/vip/data/data/m_019.jpg
532,m_020,1.92,98.0,26.58420139,/home/quanhhh/Documents/vip/vip/data/data/m_020.jpg
533,m_021,1.7,80.0,27.6816609,/home/quanhhh/Documents/vip/vip/data/data/m_021.jpg
534,m_022,1.83,78.0,23.29122996,/home/quanhhh/Documents/vip/vip/data/data/m_022.jpg
535,m_023,1.88,82.0,23.20054323,/home/quanhhh/Documents/vip/vip/data/data/m_023.jpg
536,m_024,1.68,75.0,26.57312925,/home/quanhhh/Documents/vip/vip/data/data/m_024.jpg
537,m_025,1.89,90.0,25.19526329,/home/quanhhh/Documents/vip/vip/data/data/m_025.jpg
538,m_026,1.83,83.0,24.78425752,/home/quanhhh/Documents/vip/vip/data/data/m_026.jpg
539,m_027,1.7,71.0,24.56747405,/home/quanhhh/Documents/vip/vip/data/data/m_027.jpg
540,m_028,1.83,84.0,25.08286303,/home/quanhhh/Documents/vip/vip/data/data/m_028.jpg
541,m_029,1.8,96.0,29.62962963,/home/quanhhh/Documents/vip/vip/data/data/m_029.jpg
542,m_030,2.22,132.0,26.7835403,/home/quanhhh/Documents/vip/vip/data/data/m_030.jpg
543,m_031,2.04,98.0,23.54863514,/home/quanhhh/Documents/vip/vip/data/data/m_031.jpg
544,m_032,1.8,83.0,25.61728395,/home/quanhhh/Documents/vip/vip/data/data/m_032.jpg
545,m_033,1.85,83.0,24.25127831,/home/quanhhh/Documents/vip/vip/data/data/m_033.jpg
546,m_034,1.83,86.0,25.68007405,/home/quanhhh/Documents/vip/vip/data/data/m_034.jpg
547,m_035,1.83,78.0,23.29122996,/home/quanhhh/Documents/vip/vip/data/data/m_035.jpg
548,m_036,1.83,83.0,24.78425752,/home/quanhhh/Documents/vip/vip/data/data/m_036.jpg
549,m_037,1.65,67.0,24.6097337,/home/quanhhh/Documents/vip/vip/data/data/m_037.jpg
550,m_038,1.98,81.0,20.66115702,/home/quanhhh/Documents/vip/vip/data/data/m_038.jpg
551,m_039,1.78,75.0,23.67125363,/home/quanhhh/Documents/vip/vip/data/data/m_039.jpg
552,m_040,1.83,77.0,22.99262444,/home/quanhhh/Documents/vip/vip/data/data/m_040.jpg
553,m_041,1.88,93.0,26.31281123,/home/quanhhh/Documents/vip/vip/data/data/m_041.jpg
554,m_042,1.96,108.0,28.11328613,/home/quanhhh/Documents/vip/vip/data/data/m_042.jpg
555,m_043,1.83,83.0,24.78425752,/home/quanhhh/Documents/vip/vip/data/data/m_043.jpg
556,m_044,1.69,118.0,41.31508,/home/quanhhh/Documents/vip/vip/data/data/m_044.jpg
557,m_045,1.83,80.0,23.88844098,/home/quanhhh/Documents/vip/vip/data/data/m_045.jpg
558,m_046,1.85,86.0,25.12783053,/home/quanhhh/Documents/vip/vip/data/data/m_046.jpg
559,m_047,1.83,83.0,24.78425752,/home/quanhhh/Documents/vip/vip/data/data/m_047.jpg
560,m_048,1.85,87.0,25.42001461,/home/quanhhh/Documents/vip/vip/data/data/m_048.jpg
561,m_049,1.85,89.0,26.00438276,/home/quanhhh/Documents/vip/vip/data/data/m_049.jpg
562,m_050,1.78,83.0,26.19618735,/home/quanhhh/Documents/vip/vip/data/data/m_050.jpg
563,m_051,1.83,77.0,22.99262444,/home/quanhhh/Documents/vip/vip/data/data/m_051.jpg
564,m_052,1.85,82.0,23.95909423,/home/quanhhh/Documents/vip/vip/data/data/m_052.jpg
565,m_053,1.79,74.0,23.09540901,/home/quanhhh/Documents/vip/vip/data/data/m_053.jpg
566,m_054,1.88,93.0,26.31281123,/home/quanhhh/Documents/vip/vip/data/data/m_054.jpg
567,m_055,1.83,88.0,26.27728508,/home/quanhhh/Documents/vip/vip/data/data/m_055.jpg
568,m_056,1.78,85.0,26.82742078,/home/quanhhh/Documents/vip/vip/data/data/m_056.jpg
569,m_057,1.9,91.0,25.20775623,/home/quanhhh/Documents/vip/vip/data/data/m_057.jpg
570,m_058,1.85,98.0,28.63403944,/home/quanhhh/Documents/vip/vip/data/data/m_058.jpg
571,m_059,1.85,80.0,23.37472608,/home/quanhhh/Documents/vip/vip/data/data/m_059.jpg
572,m_060,1.83,90.0,26.8744961,/home/quanhhh/Documents/vip/vip/data/data/m_060.jpg
573,m_061,1.85,90.0,26.29656684,/home/quanhhh/Documents/vip/vip/data/data/m_061.jpg
574,m_062,1.75,80.0,26.12244898,/home/quanhhh/Documents/vip/vip/data/data/m_062.jpg
575,m_063,1.83,78.0,23.29122996,/home/quanhhh/Documents/vip/vip/data/data/m_063.jpg
576,m_064,1.88,84.0,23.76641014,/home/quanhhh/Documents/vip/vip/data/data/m_064.jpg
577,m_065,1.83,82.0,24.48565201,/home/quanhhh/Documents/vip/vip/data/data/m_065.jpg
578,m_066,1.74,75.0,24.77209671,/home/quanhhh/Documents/vip/vip/data/data/m_066.jpg
579,m_067,2.26,98.0,19.18709374,/home/quanhhh/Documents/vip/vip/data/data/m_067.jpg
580,m_068,1.89,87.0,24.35542118,/home/quanhhh/Documents/vip/vip/data/data/m_068.jpg
581,m_069,1.78,80.0,25.2493372,/home/quanhhh/Documents/vip/vip/data/data/m_069.jpg
582,m_070,1.87,76.0,21.73353542,/home/quanhhh/Documents/vip/vip/data/data/m_070.jpg
583,m_071,1.75,75.0,24.48979592,/home/quanhhh/Documents/vip/vip/data/data/m_071.jpg
584,m_072,1.84,84.0,24.81096408,/home/quanhhh/Documents/vip/vip/data/data/m_072.jpg
585,m_073,1.93,81.0,21.74555022,/home/quanhhh/Documents/vip/vip/data/data/m_073.jpg
586,m_074,1.92,83.0,22.51519097,/home/quanhhh/Documents/vip/vip/data/data/m_074.jpg
587,m_075,1.83,75.0,22.39541342,/home/quanhhh/Documents/vip/vip/data/data/m_075.jpg
588,m_076,1.85,84.0,24.54346238,/home/quanhhh/Documents/vip/vip/data/data/m_076.jpg
589,m_077,1.93,95.0,25.50404038,/home/quanhhh/Documents/vip/vip/data/data/m_077.jpg
590,m_078,1.83,79.0,23.58983547,/home/quanhhh/Documents/vip/vip/data/data/m_078.jpg
591,m_079,1.78,83.0,26.19618735,/home/quanhhh/Documents/vip/vip/data/data/m_079.jpg
592,m_080,1.65,60.0,22.03856749,/home/quanhhh/Documents/vip/vip/data/data/m_080.jpg
593,m_081,1.47,89.0,41.18654264,/home/quanhhh/Documents/vip/vip/data/data/m_081.jpg
594,m_082,1.73,69.0,23.05456246,/home/quanhhh/Documents/vip/vip/data/data/m_082.jpg
595,m_083,1.78,73.0,23.0400202,/home/quanhhh/Documents/vip/vip/data/data/m_083.jpg
596,m_084,1.7,68.0,23.52941176,/home/quanhhh/Documents/vip/vip/data/data/m_084.jpg
597,m_085,1.75,65.0,21.2244898,/home/quanhhh/Documents/vip/vip/data/data/m_085.jpg
598,m_086,1.68,68.0,24.09297052,/home/quanhhh/Documents/vip/vip/data/data/m_086.jpg
599,m_087,1.78,73.0,23.0400202,/home/quanhhh/Documents/vip/vip/data/data/m_087.jpg
600,m_088,1.83,75.0,22.39541342,/home/quanhhh/Documents/vip/vip/data/data/m_088.jpg
601,m_089,1.85,87.0,25.42001461,/home/quanhhh/Documents/vip/vip/data/data/m_089.jpg
602,m_090,1.8,79.0,24.38271605,/home/quanhhh/Documents/vip/vip/data/data/m_090.jpg
603,m_091,1.6,72.0,28.125,/home/quanhhh/Documents/vip/vip/data/data/m_091.jpg
604,m_092,1.88,83.0,23.48347669,/home/quanhhh/Documents/vip/vip/data/data/m_092.jpg
605,m_093,1.85,89.0,26.00438276,/home/quanhhh/Documents/vip/vip/data/data/m_093.jpg
606,m_094,1.7,70.0,24.22145329,/home/quanhhh/Documents/vip/vip/data/data/m_094.jpg
607,m_095,1.88,86.0,24.33227705,/home/quanhhh/Documents/vip/vip/data/data/m_095.jpg
608,m_096,1.91,100.0,27.41152929,/home/quanhhh/Documents/vip/vip/data/data/m_096.jpg
609,m_097,1.88,83.0,23.48347669,/home/quanhhh/Documents/vip/vip/data/data/m_097.jpg
610,m_098,1.85,80.0,23.37472608,/home/quanhhh/Documents/vip/vip/data/data/m_098.jpg
611,m_099,1.78,76.0,23.98687034,/home/quanhhh/Documents/vip/vip/data/data/m_099.jpg
612,m_100,1.91,88.0,24.12214577,/home/quanhhh/Documents/vip/vip/data/data/m_100.jpg
613,m_101,1.7,70.0,24.22145329,/home/quanhhh/Documents/vip/vip/data/data/m_101.jpg
614,m_102,1.78,86.0,27.1430375,/home/quanhhh/Documents/vip/vip/data/data/m_102.jpg
615,m_103,2.13,111.0,24.4660451,/home/quanhhh/Documents/vip/vip/data/data/m_103.jpg
616,m_104,1.83,79.0,23.58983547,/home/quanhhh/Documents/vip/vip/data/data/m_104.jpg
617,m_105,1.88,86.0,24.33227705,/home/quanhhh/Documents/vip/vip/data/data/m_105.jpg
618,m_106,2.18,104.0,21.88367982,/home/quanhhh/Documents/vip/vip/data/data/m_106.jpg
619,m_107,1.73,74.0,24.72518293,/home/quanhhh/Documents/vip/vip/data/data/m_107.jpg
620,m_108,1.83,79.0,23.58983547,/home/quanhhh/Documents/vip/vip/data/data/m_108.jpg
621,m_109,1.88,107.0,30.27387958,/home/quanhhh/Documents/vip/vip/data/data/m_109.jpg
622,m_110,1.82,77.0,23.24598478,/home/quanhhh/Documents/vip/vip/data/data/m_110.jpg
623,m_111,1.59,70.0,27.68877813,/home/quanhhh/Documents/vip/vip/data/data/m_111.jpg
624,m_112,1.96,118.0,30.71636818,/home/quanhhh/Documents/vip/vip/data/data/m_112.jpg
625,m_113,1.65,74.0,27.18089991,/home/quanhhh/Documents/vip/vip/data/data/m_113.jpg
626,m_114,1.83,83.0,24.78425752,/home/quanhhh/Documents/vip/vip/data/data/m_114.jpg
627,m_115,1.73,82.0,27.39817568,/home/quanhhh/Documents/vip/vip/data/data/m_115.jpg
628,m_116,1.75,74.0,24.16326531,/home/quanhhh/Documents/vip/vip/data/data/m_116.jpg
629,m_117,1.88,79.0,22.35174287,/home/quanhhh/Documents/vip/vip/data/data/m_117.jpg
630,m_118,1.75,77.0,25.14285714,/home/quanhhh/Documents/vip/vip/data/data/m_118.jpg
631,m_119,1.84,76.0,22.44801512,/home/quanhhh/Documents/vip/vip/data/data/m_119.jpg
632,m_120,1.85,80.0,23.37472608,/home/quanhhh/Documents/vip/vip/data/data/m_120.jpg
633,m_121,1.83,79.0,23.58983547,/home/quanhhh/Documents/vip/vip/data/data/m_121.jpg
634,m_122,1.68,64.0,22.67573696,/home/quanhhh/Documents/vip/vip/data/data/m_122.jpg
635,m_123,1.7,70.0,24.22145329,/home/quanhhh/Documents/vip/vip/data/data/m_123.jpg
636,m_124,1.69,73.0,25.55932916,/home/quanhhh/Documents/vip/vip/data/data/m_124.jpg
637,m_125,1.73,68.0,22.72043837,/home/quanhhh/Documents/vip/vip/data/data/m_125.jpg
638,m_126,1.85,89.0,26.00438276,/home/quanhhh/Documents/vip/vip/data/data/m_126.jpg
639,m_127,1.96,63.0,16.39941691,/home/quanhhh/Documents/vip/vip/data/data/m_127.jpg
640,m_128,1.79,77.0,24.03170937,/home/quanhhh/Documents/vip/vip/data/data/m_128.jpg
641,m_129,1.85,72.0,21.03725347,/home/quanhhh/Documents/vip/vip/data/data/m_129.jpg
642,m_130,1.8,74.0,22.83950617,/home/quanhhh/Documents/vip/vip/data/data/m_130.jpg
643,m_131,1.75,74.0,24.16326531,/home/quanhhh/Documents/vip/vip/data/data/m_131.jpg
644,m_132,1.88,92.0,26.02987777,/home/quanhhh/Documents/vip/vip/data/data/m_132.jpg
645,m_133,1.83,68.0,20.30517483,/home/quanhhh/Documents/vip/vip/data/data/m_133.jpg
646,m_134,1.65,64.0,23.50780533,/home/quanhhh/Documents/vip/vip/data/data/m_134.jpg
647,m_135,1.65,61.0,22.40587695,/home/quanhhh/Documents/vip/vip/data/data/m_135.jpg
648,m_136,1.72,78.0,26.36560303,/home/quanhhh/Documents/vip/vip/data/data/m_136.jpg
649,m_137,1.85,70.0,20.45288532,/home/quanhhh/Documents/vip/vip/data/data/m_137.jpg
650,m_138,1.88,82.0,23.20054323,/home/quanhhh/Documents/vip/vip/data/data/m_138.jpg
651,m_139,1.42,68.0,33.72346757,/home/quanhhh/Documents/vip/vip/data/data/m_139.jpg
652,m_140,1.74,72.0,23.78121284,/home/quanhhh/Documents/vip/vip/data/data/m_140.jpg
653,m_141,1.8,79.0,24.38271605,/home/quanhhh/Documents/vip/vip/data/data/m_141.jpg
654,m_142,1.85,86.0,25.12783053,/home/quanhhh/Documents/vip/vip/data/data/m_142.jpg
655,m_143,1.9,73.0,20.22160665,/home/quanhhh/Documents/vip/vip/data/data/m_143.jpg
656,m_144,1.8,80.0,24.69135802,/home/quanhhh/Documents/vip/vip/data/data/m_144.jpg
657,m_145,1.78,72.0,22.72440348,/home/quanhhh/Documents/vip/vip/data/data/m_145.jpg
658,m_146,1.69,72.0,25.20920136,/home/quanhhh/Documents/vip/vip/data/data/m_146.jpg
659,m_147,1.88,90.0,25.46401086,/home/quanhhh/Documents/vip/vip/data/data/m_147.jpg
660,m_148,2.31,143.0,26.79859823,/home/quanhhh/Documents/vip/vip/data/data/m_148.jpg
661,m_149,2.18,175.0,36.82349971,/home/quanhhh/Documents/vip/vip/data/data/m_149.jpg
662,m_150,1.85,77.0,22.49817385,/home/quanhhh/Documents/vip/vip/data/data/m_150.jpg
663,m_151,1.88,78.0,22.06880942,/home/quanhhh/Documents/vip/vip/data/data/m_151.jpg
664,m_152,1.88,113.0,31.97148031,/home/quanhhh/Documents/vip/vip/data/data/m_152.jpg
665,m_153,2.16,117.0,25.07716049,/home/quanhhh/Documents/vip/vip/data/data/m_153.jpg
666,m_154,1.8,85.0,26.2345679,/home/quanhhh/Documents/vip/vip/data/data/m_154.jpg
667,m_155,2.21,138.0,28.25494973,/home/quanhhh/Documents/vip/vip/data/data/m_155.jpg
668,m_156,1.93,100.0,26.84635829,/home/quanhhh/Documents/vip/vip/data/data/m_156.jpg
669,m_157,1.85,85.0,24.83564646,/home/quanhhh/Documents/vip/vip/data/data/m_157.jpg
670,m_158,1.76,74.0,23.88946281,/home/quanhhh/Documents/vip/vip/data/data/m_158.jpg
671,m_159,2.21,119.0,24.3647755,/home/quanhhh/Documents/vip/vip/data/data/m_159.jpg
672,m_160,1.83,74.0,22.09680791,/home/quanhhh/Documents/vip/vip/data/data/m_160.jpg
673,m_161,1.85,84.0,24.54346238,/home/quanhhh/Documents/vip/vip/data/data/m_161.jpg
674,m_162,1.85,92.0,26.88093499,/home/quanhhh/Documents/vip/vip/data/data/m_162.jpg
675,m_163,1.68,68.0,24.09297052,/home/quanhhh/Documents/vip/vip/data/data/m_163.jpg
676,m_164,1.8,73.0,22.5308642,/home/quanhhh/Documents/vip/vip/data/data/m_164.jpg
677,m_165,1.8,75.0,23.14814815,/home/quanhhh/Documents/vip/vip/data/data/m_165.jpg
678,m_166,1.75,79.0,25.79591837,/home/quanhhh/Documents/vip/vip/data/data/m_166.jpg
679,m_167,1.88,85.0,24.04934359,/home/quanhhh/Documents/vip/vip/data/data/m_167.jpg
680,m_168,1.89,84.0,23.51557907,/home/quanhhh/Documents/vip/vip/data/data/m_168.jpg
681,m_169,1.7,68.0,23.52941176,/home/quanhhh/Documents/vip/vip/data/data/m_169.jpg
682,m_170,1.77,71.0,22.66270867,/home/quanhhh/Documents/vip/vip/data/data/m_170.jpg
683,m_171,1.8,91.0,28.08641975,/home/quanhhh/Documents/vip/vip/data/data/m_171.jpg
684,m_172,2.01,99.0,24.50434395,/home/quanhhh/Documents/vip/vip/data/data/m_172.jpg
685,m_173,2.11,104.0,23.35976281,/home/quanhhh/Documents/vip/vip/data/data/m_173.jpg
686,m_174,1.77,89.0,28.40818411,/home/quanhhh/Documents/vip/vip/data/data/m_174.jpg
687,m_175,1.77,73.0,23.30109483,/home/quanhhh/Documents/vip/vip/data/data/m_175.jpg
688,m_176,1.8,77.0,23.7654321,/home/quanhhh/Documents/vip/vip/data/data/m_176.jpg
689,m_177,1.78,77.0,24.30248706,/home/quanhhh/Documents/vip/vip/data/data/m_177.jpg
690,m_178,2.01,102.0,25.24689983,/home/quanhhh/Documents/vip/vip/data/data/m_178.jpg
691,m_179,1.73,74.0,24.72518293,/home/quanhhh/Documents/vip/vip/data/data/m_179.jpg
692,m_180,1.85,77.0,22.49817385,/home/quanhhh/Documents/vip/vip/data/data/m_180.jpg
693,m_181,1.8,76.0,23.45679012,/home/quanhhh/Documents/vip/vip/data/data/m_181.jpg
694,m_182,1.75,77.0,25.14285714,/home/quanhhh/Documents/vip/vip/data/data/m_182.jpg
695,m_183,1.8,83.0,25.61728395,/home/quanhhh/Documents/vip/vip/data/data/m_183.jpg
696,m_184,1.83,75.0,22.39541342,/home/quanhhh/Documents/vip/vip/data/data/m_184.jpg
697,m_185,1.83,77.0,22.99262444,/home/quanhhh/Documents/vip/vip/data/data/m_185.jpg
698,m_186,1.75,82.0,26.775510200000003,/home/quanhhh/Documents/vip/vip/data/data/m_186.jpg
699,m_187,1.84,80.0,23.6294896,/home/quanhhh/Documents/vip/vip/data/data/m_187.jpg
700,m_188,1.94,83.0,22.05335317,/home/quanhhh/Documents/vip/vip/data/data/m_188.jpg
701,m_189,2.06,154.0,36.2899425,/home/quanhhh/Documents/vip/vip/data/data/m_189.jpg
702,m_190,1.75,69.0,22.53061224,/home/quanhhh/Documents/vip/vip/data/data/m_190.jpg
703,m_191,1.8,85.0,26.2345679,/home/quanhhh/Documents/vip/vip/data/data/m_191.jpg
704,m_192,1.78,73.0,23.0400202,/home/quanhhh/Documents/vip/vip/data/data/m_192.jpg
705,m_193,1.84,80.0,23.6294896,/home/quanhhh/Documents/vip/vip/data/data/m_193.jpg
706,m_194,1.87,83.0,23.73530842,/home/quanhhh/Documents/vip/vip/data/data/m_194.jpg
707,m_195,1.85,81.0,23.66691015,/home/quanhhh/Documents/vip/vip/data/data/m_195.jpg
708,m_196,1.83,83.0,24.78425752,/home/quanhhh/Documents/vip/vip/data/data/m_196.jpg
709,m_197,1.93,106.0,28.45713979,/home/quanhhh/Documents/vip/vip/data/data/m_197.jpg
710,m_198,1.75,72.0,23.51020408,/home/quanhhh/Documents/vip/vip/data/data/m_198.jpg
711,m_199,1.75,100.0,32.65306122,/home/quanhhh/Documents/vip/vip/data/data/m_199.jpg
712,m_200,1.93,95.0,25.50404038,/home/quanhhh/Documents/vip/vip/data/data/m_200.jpg
713,m_201,1.85,86.0,25.12783053,/home/quanhhh/Documents/vip/vip/data/data/m_201.jpg
714,m_202,1.81,84.0,25.64024297,/home/quanhhh/Documents/vip/vip/data/data/m_202.jpg
715,m_203,1.77,118.0,37.66478343,/home/quanhhh/Documents/vip/vip/data/data/m_203.jpg
716,m_204,1.8,90.0,27.77777778,/home/quanhhh/Documents/vip/vip/data/data/m_204.jpg
717,m_205,1.85,87.0,25.42001461,/home/quanhhh/Documents/vip/vip/data/data/m_205.jpg
718,m_206,1.87,86.0,24.59321113,/home/quanhhh/Documents/vip/vip/data/data/m_206.jpg
719,m_207,1.8,73.0,22.5308642,/home/quanhhh/Documents/vip/vip/data/data/m_207.jpg
720,m_208,1.78,77.0,24.30248706,/home/quanhhh/Documents/vip/vip/data/data/m_208.jpg
721,m_209,1.97,91.0,23.44816924,/home/quanhhh/Documents/vip/vip/data/data/m_209.jpg
722,m_210,1.86,83.0,23.99121286,/home/quanhhh/Documents/vip/vip/data/data/m_210.jpg
723,m_211,1.78,76.0,23.98687034,/home/quanhhh/Documents/vip/vip/data/data/m_211.jpg
724,m_212,1.63,83.0,31.23941436,/home/quanhhh/Documents/vip/vip/data/data/m_212.jpg
725,m_213,1.88,79.0,22.35174287,/home/quanhhh/Documents/vip/vip/data/data/m_213.jpg
726,m_214,1.8,80.0,24.69135802,/home/quanhhh/Documents/vip/vip/data/data/m_214.jpg
727,m_215,1.71,72.0,24.62296091,/home/quanhhh/Documents/vip/vip/data/data/m_215.jpg
728,m_216,1.87,90.0,25.73708141,/home/quanhhh/Documents/vip/vip/data/data/m_216.jpg
729,m_217,1.78,77.0,24.30248706,/home/quanhhh/Documents/vip/vip/data/data/m_217.jpg
730,m_218,1.87,77.0,22.01950299,/home/quanhhh/Documents/vip/vip/data/data/m_218.jpg
731,m_219,1.88,84.0,23.76641014,/home/quanhhh/Documents/vip/vip/data/data/m_219.jpg
732,m_220,1.83,86.0,25.68007405,/home/quanhhh/Documents/vip/vip/data/data/m_220.jpg
733,m_221,1.85,86.0,25.12783053,/home/quanhhh/Documents/vip/vip/data/data/m_221.jpg
734,m_222,1.87,86.0,24.59321113,/home/quanhhh/Documents/vip/vip/data/data/m_222.jpg
735,m_223,1.7,64.0,22.14532872,/home/quanhhh/Documents/vip/vip/data/data/m_223.jpg
736,m_224,1.96,107.0,27.85297793,/home/quanhhh/Documents/vip/vip/data/data/m_224.jpg
737,m_225,1.63,77.0,28.98114344,/home/quanhhh/Documents/vip/vip/data/data/m_225.jpg
738,m_226,1.7,75.0,25.95155709,/home/quanhhh/Documents/vip/vip/data/data/m_226.jpg
739,m_227,1.93,86.0,23.08786813,/home/quanhhh/Documents/vip/vip/data/data/m_227.jpg
740,m_228,1.88,83.0,23.48347669,/home/quanhhh/Documents/vip/vip/data/data/m_228.jpg
741,m_229,1.96,98.0,25.51020408,/home/quanhhh/Documents/vip/vip/data/data/m_229.jpg
742,m_230,1.87,87.0,24.8791787,/home/quanhhh/Documents/vip/vip/data/data/m_230.jpg
743,m_231,1.85,79.0,23.082542,/home/quanhhh/Documents/vip/vip/data/data/m_231.jpg
744,m_232,1.91,86.0,23.57391519,/home/quanhhh/Documents/vip/vip/data/data/m_232.jpg
745,m_233,1.75,71.0,23.18367347,/home/quanhhh/Documents/vip/vip/data/data/m_233.jpg
746,m_234,1.73,75.0,25.05930703,/home/quanhhh/Documents/vip/vip/data/data/m_234.jpg
747,m_235,1.93,93.0,24.96711321,/home/quanhhh/Documents/vip/vip/data/data/m_235.jpg
748,m_236,1.91,82.0,22.47745402,/home/quanhhh/Documents/vip/vip/data/data/m_236.jpg
749,m_237,1.83,90.0,26.8744961,/home/quanhhh/Documents/vip/vip/data/data/m_237.jpg
750,m_238,1.82,84.0,25.35925613,/home/quanhhh/Documents/vip/vip/data/data/m_238.jpg
751,m_239,1.88,97.0,27.44454504,/home/quanhhh/Documents/vip/vip/data/data/m_239.jpg
752,m_240,1.78,78.0,24.61810377,/home/quanhhh/Documents/vip/vip/data/data/m_240.jpg
753,m_241,1.85,77.0,22.49817385,/home/quanhhh/Documents/vip/vip/data/data/m_241.jpg
754,m_242,1.88,92.0,26.02987777,/home/quanhhh/Documents/vip/vip/data/data/m_242.jpg
755,m_243,1.85,72.0,21.03725347,/home/quanhhh/Documents/vip/vip/data/data/m_243.jpg
756,m_244,1.69,91.0,31.86162949,/home/quanhhh/Documents/vip/vip/data/data/m_244.jpg
757,m_245,1.7,87.0,30.10380623,/home/quanhhh/Documents/vip/vip/data/data/m_245.jpg
758,m_246,1.78,72.0,22.72440348,/home/quanhhh/Documents/vip/vip/data/data/m_246.JPG
759,m_247,2.31,210.0,39.35458481,/home/quanhhh/Documents/vip/vip/data/data/m_247.jpg
760,m_248,1.76,72.0,23.24380165,/home/quanhhh/Documents/vip/vip/data/data/m_248.jpg
761,m_249,1.83,77.0,22.99262444,/home/quanhhh/Documents/vip/vip/data/data/m_249.jpg
762,m_250,1.79,80.0,24.96800974,/home/quanhhh/Documents/vip/vip/data/data/m_250.jpg
763,m_251,1.92,89.0,24.14279514,/home/quanhhh/Documents/vip/vip/data/data/m_251.jpg
764,m_252,1.91,87.0,23.84803048,/home/quanhhh/Documents/vip/vip/data/data/m_252.jpg
765,m_253,1.87,91.0,26.02304899,/home/quanhhh/Documents/vip/vip/data/data/m_253.jpg
766,m_254,1.7,68.0,23.52941176,/home/quanhhh/Documents/vip/vip/data/data/m_254.jpg
767,m_255,1.82,80.0,24.1516725,/home/quanhhh/Documents/vip/vip/data/data/m_255.jpg
768,m_256,1.88,83.0,23.48347669,/home/quanhhh/Documents/vip/vip/data/data/m_256.jpg
769,m_257,1.82,75.0,22.64219297,/home/quanhhh/Documents/vip/vip/data/data/m_257.jpg
770,m_258,1.88,83.0,23.48347669,/home/quanhhh/Documents/vip/vip/data/data/m_258.jpg
771,m_259,1.75,70.0,22.85714286,/home/quanhhh/Documents/vip/vip/data/data/m_259.jpg
772,m_260,1.85,75.0,21.9138057,/home/quanhhh/Documents/vip/vip/data/data/m_260.jpg
773,m_261,1.74,75.0,24.77209671,/home/quanhhh/Documents/vip/vip/data/data/m_261.jpg
774,m_262,1.75,72.0,23.51020408,/home/quanhhh/Documents/vip/vip/data/data/m_262.jpg
775,m_263,1.81,81.0,24.72452001,/home/quanhhh/Documents/vip/vip/data/data/m_263.jpg
776,m_264,1.73,75.0,25.05930703,/home/quanhhh/Documents/vip/vip/data/data/m_264.jpg
777,m_265,1.86,80.0,23.12406059,/home/quanhhh/Documents/vip/vip/data/data/m_265.jpg
778,m_266,2.21,96.0,19.65561721,/home/quanhhh/Documents/vip/vip/data/data/m_266.jpg
779,m_267,1.78,77.0,24.30248706,/home/quanhhh/Documents/vip/vip/data/data/m_267.jpg
780,m_268,1.85,80.0,23.37472608,/home/quanhhh/Documents/vip/vip/data/data/m_268.jpg
781,m_269,1.75,72.0,23.51020408,/home/quanhhh/Documents/vip/vip/data/data/m_269.jpg
782,m_270,1.85,87.0,25.42001461,/home/quanhhh/Documents/vip/vip/data/data/m_270.jpg
783,m_271,1.83,77.0,22.99262444,/home/quanhhh/Documents/vip/vip/data/data/m_271.jpg
784,m_272,1.7,61.0,21.10726644,/home/quanhhh/Documents/vip/vip/data/data/m_272.jpg
785,m_273,2.06,109.0,25.68573852,/home/quanhhh/Documents/vip/vip/data/data/m_273.jpg
786,m_274,1.82,83.0,25.05736022,/home/quanhhh/Documents/vip/vip/data/data/m_274.jpg
787,m_275,1.75,66.0,21.55102041,/home/quanhhh/Documents/vip/vip/data/data/m_275.jpg
788,m_276,1.83,81.0,24.18704649,/home/quanhhh/Documents/vip/vip/data/data/m_276.jpg
789,m_277,1.75,80.0,26.12244898,/home/quanhhh/Documents/vip/vip/data/data/m_277.jpg
790,m_278,1.73,77.0,25.72755521,/home/quanhhh/Documents/vip/vip/data/data/m_278.jpg
791,m_279,2.03,157.0,38.09847363,/home/quanhhh/Documents/vip/vip/data/data/m_279.jpg
792,m_280,1.73,78.0,26.06167931,/home/quanhhh/Documents/vip/vip/data/data/m_280.jpg
793,m_281,2.06,107.0,25.21444057,/home/quanhhh/Documents/vip/vip/data/data/m_281.jpg
794,m_282,1.88,87.0,24.6152105,/home/quanhhh/Documents/vip/vip/data/data/m_282.jpg
795,m_283,2.21,109.0,22.31731537,/home/quanhhh/Documents/vip/vip/data/data/m_283.jpg
796,m_284,2.08,110.0,25.42529586,/home/quanhhh/Documents/vip/vip/data/data/m_284.jpg
797,m_285,1.75,87.0,28.40816327,/home/quanhhh/Documents/vip/vip/data/data/m_285.jpg
798,m_286,2.08,104.0,24.03846154,/home/quanhhh/Documents/vip/vip/data/data/m_286.jpg
799,m_287,1.77,75.0,23.93948099,/home/quanhhh/Documents/vip/vip/data/data/m_287.jpg
800,m_288,1.75,77.0,25.14285714,/home/quanhhh/Documents/vip/vip/data/data/m_288.jpg
801,m_289,1.75,81.0,26.44897959,/home/quanhhh/Documents/vip/vip/data/data/m_289.jpg
802,m_290,2.03,113.0,27.4211944,/home/quanhhh/Documents/vip/vip/data/data/m_290.jpg
803,m_291,1.75,86.0,28.08163265,/home/quanhhh/Documents/vip/vip/data/data/m_291.jpg
804,m_292,1.7,73.0,25.25951557,/home/quanhhh/Documents/vip/vip/data/data/m_292.jpg
805,m_293,1.83,75.0,22.39541342,/home/quanhhh/Documents/vip/vip/data/data/m_293.jpg
806,m_294,1.91,89.0,24.39626107,/home/quanhhh/Documents/vip/vip/data/data/m_294.jpg
807,m_295,1.93,102.0,27.38328546,/home/quanhhh/Documents/vip/vip/data/data/m_295.jpg
808,m_296,1.8,73.0,22.5308642,/home/quanhhh/Documents/vip/vip/data/data/m_296.jpg
809,m_297,1.91,94.0,25.76683753,/home/quanhhh/Documents/vip/vip/data/data/m_297.jpg
810,m_298,1.7,72.0,24.91349481,/home/quanhhh/Documents/vip/vip/data/data/m_298.jpg
811,m_299,2.15,117.0,25.31097891,/home/quanhhh/Documents/vip/vip/data/data/m_299.jpg
812,m_300,1.73,68.0,22.72043837,/home/quanhhh/Documents/vip/vip/data/data/m_300.jpg
813,m_301,1.73,77.0,25.72755521,/home/quanhhh/Documents/vip/vip/data/data/m_301.jpg
814,m_302,1.83,77.0,22.99262444,/home/quanhhh/Documents/vip/vip/data/data/m_302.jpg
815,m_303,1.88,87.0,24.6152105,/home/quanhhh/Documents/vip/vip/data/data/m_303.jpg
816,m_304,2.31,100.0,18.74027848,/home/quanhhh/Documents/vip/vip/data/data/m_304.jpg
817,m_305,1.68,69.0,24.44727891,/home/quanhhh/Documents/vip/vip/data/data/m_305.jpg
818,m_306,1.9,83.0,22.99168975,/home/quanhhh/Documents/vip/vip/data/data/m_306.jpg
819,m_307,1.92,79.0,21.43012153,/home/quanhhh/Documents/vip/vip/data/data/m_307.jpg
820,m_308,1.78,84.0,26.51180407,/home/quanhhh/Documents/vip/vip/data/data/m_308.jpg
821,m_309,1.68,75.0,26.57312925,/home/quanhhh/Documents/vip/vip/data/data/m_309.jpg
822,m_310,1.98,122.0,31.11927354,/home/quanhhh/Documents/vip/vip/data/data/m_310.jpg
823,m_311,1.83,79.0,23.58983547,/home/quanhhh/Documents/vip/vip/data/data/m_311.jpg
824,m_312,1.73,80.0,26.7299275,/home/quanhhh/Documents/vip/vip/data/data/m_312.jpg
825,m_313,1.69,70.0,24.50894577,/home/quanhhh/Documents/vip/vip/data/data/m_313.jpg
826,m_314,1.71,80.0,27.35884546,/home/quanhhh/Documents/vip/vip/data/data/m_314.jpg
827,m_315,2.11,110.0,24.70744143,/home/quanhhh/Documents/vip/vip/data/data/m_315.jpg
828,m_316,1.82,80.0,24.1516725,/home/quanhhh/Documents/vip/vip/data/data/m_316.jpg
829,m_317,1.78,84.0,26.51180407,/home/quanhhh/Documents/vip/vip/data/data/m_317.jpg
830,m_318,1.83,82.0,24.48565201,/home/quanhhh/Documents/vip/vip/data/data/m_318.jpg
831,m_319,1.78,75.0,23.67125363,/home/quanhhh/Documents/vip/vip/data/data/m_319.jpg
832,m_320,1.78,77.0,24.30248706,/home/quanhhh/Documents/vip/vip/data/data/m_320.jpg
833,m_321,1.96,103.0,26.81174511,/home/quanhhh/Documents/vip/vip/data/data/m_321.jpg
834,m_322,1.7,66.0,22.83737024,/home/quanhhh/Documents/vip/vip/data/data/m_322.jpg
835,m_323,1.73,72.0,24.05693475,/home/quanhhh/Documents/vip/vip/data/data/m_323.jpg
836,m_324,1.88,81.0,22.91760978,/home/quanhhh/Documents/vip/vip/data/data/m_324.jpg
837,m_325,1.83,82.0,24.48565201,/home/quanhhh/Documents/vip/vip/data/data/m_325.jpg
838,m_326,1.83,76.0,22.69401893,/home/quanhhh/Documents/vip/vip/data/data/m_326.jpg
839,m_327,1.83,82.0,24.48565201,/home/quanhhh/Documents/vip/vip/data/data/m_327.jpg
840,m_328,1.78,78.0,24.61810377,/home/quanhhh/Documents/vip/vip/data/data/m_328.jpg
841,m_329,1.77,97.0,30.96172875,/home/quanhhh/Documents/vip/vip/data/data/m_329.jpg
842,m_330,1.75,75.0,24.48979592,/home/quanhhh/Documents/vip/vip/data/data/m_330.jpg
843,m_331,1.77,79.0,25.21625331,/home/quanhhh/Documents/vip/vip/data/data/m_331.jpg
844,m_332,1.78,74.0,23.35563691,/home/quanhhh/Documents/vip/vip/data/data/m_332.jpg
845,m_333,1.63,61.0,22.95908766,/home/quanhhh/Documents/vip/vip/data/data/m_333.jpg
846,m_334,1.8,68.0,20.98765432,/home/quanhhh/Documents/vip/vip/data/data/m_334.jpg
847,m_335,1.95,95.0,24.98356345,/home/quanhhh/Documents/vip/vip/data/data/m_335.jpg
848,m_336,1.3,40.0,23.66863905,/home/quanhhh/Documents/vip/vip/data/data/m_336.JPG
849,m_337,1.68,72.0,25.51020408,/home/quanhhh/Documents/vip/vip/data/data/m_337.jpg
850,m_338,1.85,98.0,28.63403944,/home/quanhhh/Documents/vip/vip/data/data/m_338.jpg
851,m_339,1.75,78.0,25.46938776,/home/quanhhh/Documents/vip/vip/data/data/m_339.jpg
852,m_340,2.16,117.0,25.07716049,/home/quanhhh/Documents/vip/vip/data/data/m_340.jpg
853,m_341,1.85,77.0,22.49817385,/home/quanhhh/Documents/vip/vip/data/data/m_341.jpg
854,m_342,1.83,82.0,24.48565201,/home/quanhhh/Documents/vip/vip/data/data/m_342.jpg
855,m_343,1.73,74.0,24.72518293,/home/quanhhh/Documents/vip/vip/data/data/m_343.jpg
856,m_344,1.73,74.0,24.72518293,/home/quanhhh/Documents/vip/vip/data/data/m_344.jpg
857,m_345,1.9,84.0,23.26869806,/home/quanhhh/Documents/vip/vip/data/data/m_345.jpg
858,m_346,1.83,78.0,23.29122996,/home/quanhhh/Documents/vip/vip/data/data/m_346.jpg
859,m_347,1.83,72.0,21.49959688,/home/quanhhh/Documents/vip/vip/data/data/m_347.jpg
860,m_348,1.7,68.0,23.52941176,/home/quanhhh/Documents/vip/vip/data/data/m_348.jpg
861,m_349,1.75,76.0,24.81632653,/home/quanhhh/Documents/vip/vip/data/data/m_349.jpg
862,m_350,1.83,90.0,26.8744961,/home/quanhhh/Documents/vip/vip/data/data/m_350.jpg
863,m_351,2.13,150.0,33.062223100000004,/home/quanhhh/Documents/vip/vip/data/data/m_351.jpg
864,m_352,1.8,77.0,23.7654321,/home/quanhhh/Documents/vip/vip/data/data/m_352.jpg
865,m_353,1.79,75.0,23.40750913,/home/quanhhh/Documents/vip/vip/data/data/m_353.jpg
866,m_354,1.78,73.0,23.0400202,/home/quanhhh/Documents/vip/vip/data/data/m_354.jpg
867,m_355,1.79,77.0,24.03170937,/home/quanhhh/Documents/vip/vip/data/data/m_355.jpg
868,m_356,1.8,88.0,27.16049383,/home/quanhhh/Documents/vip/vip/data/data/m_356.jpg
869,m_357,1.78,77.0,24.30248706,/home/quanhhh/Documents/vip/vip/data/data/m_357.jpg
870,m_358,1.9,104.0,28.80886427,/home/quanhhh/Documents/vip/vip/data/data/m_358.jpg
871,m_359,1.77,82.0,26.17383255,/home/quanhhh/Documents/vip/vip/data/data/m_359.jpg
872,m_360,1.78,78.0,24.61810377,/home/quanhhh/Documents/vip/vip/data/data/m_360.jpg
873,m_361,1.88,82.0,23.20054323,/home/quanhhh/Documents/vip/vip/data/data/m_361.jpg
874,m_362,1.8,78.0,24.07407407,/home/quanhhh/Documents/vip/vip/data/data/m_362.jpg
875,m_363,2.13,174.0,38.3521788,/home/quanhhh/Documents/vip/vip/data/data/m_363.jpg
876,m_364,1.57,71.0,28.80441397,/home/quanhhh/Documents/vip/vip/data/data/m_364.jpg
877,m_365,2.26,138.0,27.01856058,/home/quanhhh/Documents/vip/vip/data/data/m_365.jpg
878,m_366,1.75,75.0,24.48979592,/home/quanhhh/Documents/vip/vip/data/data/m_366.jpg
879,m_367,1.68,67.0,23.73866213,/home/quanhhh/Documents/vip/vip/data/data/m_367.jpg
880,m_368,1.87,82.0,23.44934084,/home/quanhhh/Documents/vip/vip/data/data/m_368.jpg
881,m_369,1.77,80.0,25.53544639,/home/quanhhh/Documents/vip/vip/data/data/m_369.jpg
882,m_370,2.22,125.0,25.36320104,/home/quanhhh/Documents/vip/vip/data/data/m_370.jpg
883,m_371,2.18,99.0,20.83157983,/home/quanhhh/Documents/vip/vip/data/data/m_371.jpg
884,m_372,2.11,110.0,24.70744143,/home/quanhhh/Documents/vip/vip/data/data/m_372.jpg
885,m_373,1.75,68.0,22.20408163,/home/quanhhh/Documents/vip/vip/data/data/m_373.jpg
886,m_374,2.01,111.0,27.47456746,/home/quanhhh/Documents/vip/vip/data/data/m_374.jpg
887,m_375,1.7,73.0,25.25951557,/home/quanhhh/Documents/vip/vip/data/data/m_375.jpg
888,m_376,2.24,147.0,29.296875,/home/quanhhh/Documents/vip/vip/data/data/m_376.jpg
889,m_377,1.6,55.0,21.484375,/home/quanhhh/Documents/vip/vip/data/data/m_377.jpg
890,m_378,1.78,75.0,23.67125363,/home/quanhhh/Documents/vip/vip/data/data/m_378.jpg
891,m_379,1.89,86.0,24.07547381,/home/quanhhh/Documents/vip/vip/data/data/m_379.jpg
892,m_380,1.91,92.0,25.21860695,/home/quanhhh/Documents/vip/vip/data/data/m_380.jpg
893,m_381,1.85,92.0,26.88093499,/home/quanhhh/Documents/vip/vip/data/data/m_381.jpg
894,m_382,2.24,103.0,20.52774235,/home/quanhhh/Documents/vip/vip/data/data/m_382.JPG
895,m_383,2.0,95.0,23.75,/home/quanhhh/Documents/vip/vip/data/data/m_383.jpg
896,m_384,2.21,104.0,21.29358531,/home/quanhhh/Documents/vip/vip/data/data/m_384.jpg
897,m_385,1.73,113.0,37.75602259,/home/quanhhh/Documents/vip/vip/data/data/m_385.jpg
898,m_386,1.7,74.0,25.60553633,/home/quanhhh/Documents/vip/vip/data/data/m_386.jpg
899,m_387,1.88,86.0,24.33227705,/home/quanhhh/Documents/vip/vip/data/data/m_387.jpg
900,m_388,1.83,92.0,27.47170713,/home/quanhhh/Documents/vip/vip/data/data/m_388.jpg
901,m_389,2.11,100.0,22.46131039,/home/quanhhh/Documents/vip/vip/data/data/m_389.jpg
902,m_390,1.8,80.0,24.69135802,/home/quanhhh/Documents/vip/vip/data/data/m_390.jpg
903,m_391,2.18,212.0,44.60903964,/home/quanhhh/Documents/vip/vip/data/data/m_391.jpg
904,m_392,2.13,127.0,27.99268223,/home/quanhhh/Documents/vip/vip/data/data/m_392.jpg
905,m_393,2.03,136.0,33.00249945,/home/quanhhh/Documents/vip/vip/data/data/m_393.jpg
906,m_394,1.84,96.0,28.35538752,/home/quanhhh/Documents/vip/vip/data/data/m_394.jpg
907,m_395,1.82,80.0,24.1516725,/home/quanhhh/Documents/vip/vip/data/data/m_395.jpg
908,m_396,2.24,110.0,21.92283163,/home/quanhhh/Documents/vip/vip/data/data/m_396.jpg
909,m_397,1.85,89.0,26.00438276,/home/quanhhh/Documents/vip/vip/data/data/m_397.jpg
910,m_398,1.8,75.0,23.14814815,/home/quanhhh/Documents/vip/vip/data/data/m_398.jpg
911,m_399,1.7,67.0,23.183391,/home/quanhhh/Documents/vip/vip/data/data/m_399.jpg
912,m_400,1.77,75.0,23.93948099,/home/quanhhh/Documents/vip/vip/data/data/m_400.jpg
913,m_401,1.74,78.0,25.76298058,/home/quanhhh/Documents/vip/vip/data/data/m_401.jpg
914,m_402,1.85,75.0,21.9138057,/home/quanhhh/Documents/vip/vip/data/data/m_402.jpg
915,m_403,1.75,79.0,25.79591837,/home/quanhhh/Documents/vip/vip/data/data/m_403.jpg
916,m_404,1.87,88.0,25.16514627,/home/quanhhh/Documents/vip/vip/data/data/m_404.jpg
917,m_405,2.09,112.0,25.64043863,/home/quanhhh/Documents/vip/vip/data/data/m_405.jpg
918,m_406,1.68,102.0,36.13945578,/home/quanhhh/Documents/vip/vip/data/data/m_406.jpg
919,m_407,1.73,73.0,24.39105884,/home/quanhhh/Documents/vip/vip/data/data/m_407.jpg
920,m_408,1.8,93.0,28.7037037,/home/quanhhh/Documents/vip/vip/data/data/m_408.jpg
921,m_409,1.85,74.0,21.62162162,/home/quanhhh/Documents/vip/vip/data/data/m_409.jpg
922,m_410,1.82,92.0,27.77442338,/home/quanhhh/Documents/vip/vip/data/data/m_410.jpg
923,m_411,1.73,76.0,25.39343112,/home/quanhhh/Documents/vip/vip/data/data/m_411.jpg
924,m_412,1.7,68.0,23.52941176,/home/quanhhh/Documents/vip/vip/data/data/m_412.jpg
925,m_413,1.75,80.0,26.12244898,/home/quanhhh/Documents/vip/vip/data/data/m_413.jpg
926,m_414,1.84,78.0,23.03875236,/home/quanhhh/Documents/vip/vip/data/data/m_414.jpg
927,m_415,1.78,82.0,25.88057064,/home/quanhhh/Documents/vip/vip/data/data/m_415.jpg
928,m_416,1.75,78.0,25.46938776,/home/quanhhh/Documents/vip/vip/data/data/m_416.jpg
929,m_417,1.88,84.0,23.76641014,/home/quanhhh/Documents/vip/vip/data/data/m_417.jpg
930,m_418,1.73,70.0,23.38868656,/home/quanhhh/Documents/vip/vip/data/data/m_418.jpg
931,m_419,1.91,80.0,21.92922343,/home/quanhhh/Documents/vip/vip/data/data/m_419.jpg
932,m_420,1.88,80.0,22.63467632,/home/quanhhh/Documents/vip/vip/data/data/m_420.jpg
933,m_421,1.78,64.0,20.19946976,/home/quanhhh/Documents/vip/vip/data/data/m_421.jpg
934,m_422,1.8,72.0,22.22222222,/home/quanhhh/Documents/vip/vip/data/data/m_422.jpg
935,m_423,1.82,93.0,28.07631929,/home/quanhhh/Documents/vip/vip/data/data/m_423.jpg
936,m_424,1.8,73.0,22.5308642,/home/quanhhh/Documents/vip/vip/data/data/m_424.jpg
937,m_425,1.7,75.0,25.95155709,/home/quanhhh/Documents/vip/vip/data/data/m_425.jpg
938,m_426,1.78,75.0,23.67125363,/home/quanhhh/Documents/vip/vip/data/data/m_426.jpg
939,m_427,1.92,104.0,28.21180556,/home/quanhhh/Documents/vip/vip/data/data/m_427.jpg
940,m_428,1.75,72.0,23.51020408,/home/quanhhh/Documents/vip/vip/data/data/m_428.jpg
941,m_429,1.73,78.0,26.06167931,/home/quanhhh/Documents/vip/vip/data/data/m_429.jpg
942,m_430,1.8,77.0,23.7654321,/home/quanhhh/Documents/vip/vip/data/data/m_430.jpg
943,m_431,1.87,83.0,23.73530842,/home/quanhhh/Documents/vip/vip/data/data/m_431.jpg
944,m_432,2.12,130.0,28.9248843,/home/quanhhh/Documents/vip/vip/data/data/m_432.jpg
945,m_433,1.63,60.0,22.58270917,/home/quanhhh/Documents/vip/vip/data/data/m_433.jpg
946,m_434,1.83,80.0,23.88844098,/home/quanhhh/Documents/vip/vip/data/data/m_434.jpg
947,m_435,1.8,88.0,27.16049383,/home/quanhhh/Documents/vip/vip/data/data/m_435.jpg
948,m_436,2.16,147.0,31.50720165,/home/quanhhh/Documents/vip/vip/data/data/m_436.jpg
949,m_437,2.29,125.0,23.83631128,/home/quanhhh/Documents/vip/vip/data/data/m_437.jpg
950,m_438,1.76,72.0,23.24380165,/home/quanhhh/Documents/vip/vip/data/data/m_438.jpg
951,m_439,2.26,163.0,31.91322735,/home/quanhhh/Documents/vip/vip/data/data/m_439.jpg
952,m_440,1.75,84.0,27.42857143,/home/quanhhh/Documents/vip/vip/data/data/m_440.jpg
953,m_441,1.64,64.0,23.7953599,/home/quanhhh/Documents/vip/vip/data/data/m_441.jpg
954,m_442,2.26,135.0,26.43120056,/home/quanhhh/Documents/vip/vip/data/data/m_442.jpg
955,m_443,1.93,75.0,20.13476872,/home/quanhhh/Documents/vip/vip/data/data/m_443.jpg
956,m_444,1.83,90.0,26.8744961,/home/quanhhh/Documents/vip/vip/data/data/m_444.jpg
957,m_445,2.12,120.0,26.6998932,/home/quanhhh/Documents/vip/vip/data/data/m_445.jpg
958,m_446,1.85,82.0,23.95909423,/home/quanhhh/Documents/vip/vip/data/data/m_446.jpg
959,m_447,1.83,75.0,22.39541342,/home/quanhhh/Documents/vip/vip/data/data/m_447.jpg
960,m_448,1.73,68.0,22.72043837,/home/quanhhh/Documents/vip/vip/data/data/m_448.jpg
961,m_449,1.78,80.0,25.2493372,/home/quanhhh/Documents/vip/vip/data/data/m_449.jpg
962,m_450,1.75,78.0,25.46938776,/home/quanhhh/Documents/vip/vip/data/data/m_450.jpg
963,m_451,1.88,77.0,21.78587596,/home/quanhhh/Documents/vip/vip/data/data/m_451.jpg
964,m_452,1.77,83.0,26.49302563,/home/quanhhh/Documents/vip/vip/data/data/m_452.jpg
965,m_453,1.8,77.0,23.7654321,/home/quanhhh/Documents/vip/vip/data/data/m_453.jpg
966,m_454,1.73,72.0,24.05693475,/home/quanhhh/Documents/vip/vip/data/data/m_454.jpg
967,m_455,1.86,78.0,22.54595907,/home/quanhhh/Documents/vip/vip/data/data/m_455.jpg
968,m_456,1.83,93.0,27.77031264,/home/quanhhh/Documents/vip/vip/data/data/m_456.jpg
969,m_457,1.78,81.0,25.56495392,/home/quanhhh/Documents/vip/vip/data/data/m_457.jpg
970,m_458,1.74,76.0,25.10239133,/home/quanhhh/Documents/vip/vip/data/data/m_458.jpg
971,m_459,2.06,159.0,37.46818739,/home/quanhhh/Documents/vip/vip/data/data/m_459.jpg
972,m_460,1.84,113.0,33.37665406,/home/quanhhh/Documents/vip/vip/data/data/m_460.jpg
973,m_461,1.73,60.0,20.04744562,/home/quanhhh/Documents/vip/vip/data/data/m_461.jpg
974,m_462,2.21,122.0,24.97901353,/home/quanhhh/Documents/vip/vip/data/data/m_462.jpg
975,m_463,1.85,84.0,24.54346238,/home/quanhhh/Documents/vip/vip/data/data/m_463.jpg
976,m_464,2.11,116.0,26.05512006,/home/quanhhh/Documents/vip/vip/data/data/m_464.jpg
977,m_465,1.88,80.0,22.63467632,/home/quanhhh/Documents/vip/vip/data/data/m_465.jpg
978,m_466,1.78,81.0,25.56495392,/home/quanhhh/Documents/vip/vip/data/data/m_466.jpg
979,m_467,1.73,71.0,23.72281065,/home/quanhhh/Documents/vip/vip/data/data/m_467.jpg
980,m_468,1.93,102.0,27.38328546,/home/quanhhh/Documents/vip/vip/data/data/m_468.jpg
981,m_469,1.7,77.0,26.64359862,/home/quanhhh/Documents/vip/vip/data/data/m_469.jpg
982,m_470,1.75,66.0,21.55102041,/home/quanhhh/Documents/vip/vip/data/data/m_470.jpg
983,m_471,1.83,78.0,23.29122996,/home/quanhhh/Documents/vip/vip/data/data/m_471.jpg
984,m_472,1.88,79.0,22.35174287,/home/quanhhh/Documents/vip/vip/data/data/m_472.jpg
985,m_473,1.89,78.0,21.83589485,/home/quanhhh/Documents/vip/vip/data/data/m_473.jpg
986,m_474,1.88,84.0,23.76641014,/home/quanhhh/Documents/vip/vip/data/data/m_474.jpg
987,m_475,1.88,104.0,29.42507922,/home/quanhhh/Documents/vip/vip/data/data/m_475.jpg
988,m_476,1.78,84.0,26.51180407,/home/quanhhh/Documents/vip/vip/data/data/m_476.jpg
989,m_477,1.75,71.0,23.18367347,/home/quanhhh/Documents/vip/vip/data/data/m_477.jpg
990,m_478,1.88,90.0,25.46401086,/home/quanhhh/Documents/vip/vip/data/data/m_478.jpg
991,m_479,1.83,78.0,23.29122996,/home/quanhhh/Documents/vip/vip/data/data/m_479.jpg
992,m_480,1.78,72.0,22.72440348,/home/quanhhh/Documents/vip/vip/data/data/m_480.jpg
993,m_481,1.71,75.0,25.64891762,/home/quanhhh/Documents/vip/vip/data/data/m_481.jpg
994,m_482,1.82,102.0,30.79338244,/home/quanhhh/Documents/vip/vip/data/data/m_482.jpg
995,m_483,1.96,100.0,26.03082049,/home/quanhhh/Documents/vip/vip/data/data/m_483.jpg
996,m_484,1.71,79.0,27.01685989,/home/quanhhh/Documents/vip/vip/data/data/m_484.jpg
997,m_485,2.21,120.0,24.56952151,/home/quanhhh/Documents/vip/vip/data/data/m_485.jpg
998,m_486,1.91,90.0,24.67037636,/home/quanhhh/Documents/vip/vip/data/data/m_486.jpg
999,m_487,1.89,88.0,24.63536855,/home/quanhhh/Documents/vip/vip/data/data/m_487.jpg
1000,m_488,2.11,129.0,28.97509041,/home/quanhhh/Documents/vip/vip/data/data/m_488.jpg
1001,m_489,1.91,90.0,24.67037636,/home/quanhhh/Documents/vip/vip/data/data/m_489.jpg
1002,m_490,1.88,82.0,23.20054323,/home/quanhhh/Documents/vip/vip/data/data/m_490.jpg
1003,m_491,1.83,90.0,26.8744961,/home/quanhhh/Documents/vip/vip/data/data/m_491.jpg
1004,m_492,1.72,74.0,25.01352082,/home/quanhhh/Documents/vip/vip/data/data/m_492.jpg
1005,m_493,1.93,82.0,22.0140138,/home/quanhhh/Documents/vip/vip/data/data/m_493.jpg
1006,m_494,1.98,109.0,27.80328538,/home/quanhhh/Documents/vip/vip/data/data/m_494.jpg
1007,m_495,2.29,141.0,26.88735913,/home/quanhhh/Documents/vip/vip/data/data/m_495.jpg
1008,m_496,1.73,75.0,25.05930703,/home/quanhhh/Documents/vip/vip/data/data/m_496.jpg
1009,m_497,1.83,86.0,25.68007405,/home/quanhhh/Documents/vip/vip/data/data/m_497.jpg
1010,m_498,1.7,100.0,34.60207612,/home/quanhhh/Documents/vip/vip/data/data/m_498.jpg
1011,m_499,1.91,88.0,24.12214577,/home/quanhhh/Documents/vip/vip/data/data/m_499.jpg
1012,m_500,1.88,83.0,23.48347669,/home/quanhhh/Documents/vip/vip/data/data/m_500.jpg
1013,m_501,1.75,70.0,22.85714286,/home/quanhhh/Documents/vip/vip/data/data/m_501.jpg
1014,m_502,2.06,116.0,27.33528136,/home/quanhhh/Documents/vip/vip/data/data/m_502.jpg
1015,m_503,1.95,95.0,24.98356345,/home/quanhhh/Documents/vip/vip/data/data/m_503.jpg
1016,m_504,2.21,118.0,24.16002948,/home/quanhhh/Documents/vip/vip/data/data/m_504.jpg
1017,m_505,1.93,155.0,41.61185535,/home/quanhhh/Documents/vip/vip/data/data/m_505.jpg
1018,m_506,2.08,113.0,26.11871302,/home/quanhhh/Documents/vip/vip/data/data/m_506.jpg
1019,m_507,1.91,80.0,21.92922343,/home/quanhhh/Documents/vip/vip/data/data/m_507.jpg
1020,m_508,2.02,80.0,19.60592099,/home/quanhhh/Documents/vip/vip/data/data/m_508.jpg
1021,m_509,1.91,116.0,31.79737398,/home/quanhhh/Documents/vip/vip/data/data/m_509.jpg
1022,m_510,1.93,111.0,29.7994577,/home/quanhhh/Documents/vip/vip/data/data/m_510.jpg
1023,m_511,1.88,109.0,30.83974649,/home/quanhhh/Documents/vip/vip/data/data/m_511.jpg
1024,m_512,1.78,75.0,23.67125363,/home/quanhhh/Documents/vip/vip/data/data/m_512.jpg
1025,m_513,2.21,137.0,28.05020372,/home/quanhhh/Documents/vip/vip/data/data/m_513.jpg
